"PRODUCT_ID","PRODUCT_NAME","UNIT_ID","QUANTITY","IMAGE_URL","ORDER_NUMBER","USERNAME","MODIFYING_USER","ITS","UTS","MARKET"
1,"Hackfleisch","1",500,"https://image.stern.de/7850020/t/QZ/v4/w1440/r1.7778/-/hackfleisch-aus-dem-supermarkt.jpg",2,"Franziska","FRANZISKA",2021-02-09 00:00:00,2021-02-09 00:00:00,""
2,"Nudeln Penne von Barilla","1",500,"https://images-na.ssl-images-amazon.com/images/I/51DB3ltpyBL._SL1000_.jpg",10,"Franziska","",,,""
4,"Zucchini","4",1,"https://img.rewe-static.de/0482161/24570156_digital-image.png?output-quality=60&fit=inside|840:840&background-color=ffffff",1,"Franziska","FRANZISKA",2021-01-09 00:00:00,2025-01-06 00:00:00,""
3,"Barilla Pastasauce Bolognese","5",400,"https://encrypted-tbn0.gstatic.com/images?q=tbn:ANd9GcR7gPQPy1SwsX4JYzy7iI9unhTDmzXGQXhlxx6TPbc7uq-oskMaWAFthWxoQA&usqp=CAc",10,"Franziska","",,,""
5,"Tomatenmark","4",1,"https://img.rewe-static.de/8011132/32429088_digital-image.png?resize=152px:152px&output-quality=80&output-format=jpeg&im=BackgroundColor,color=fffff",12,"Franziska","FRANZISKA",2025-01-11 00:00:00,2025-01-11 00:00:00,""
6,"Passierte Tomaten","7",1,"https://encrypted-tbn0.gstatic.com/shopping?q=tbn:ANd9GcQOCI5Szk2IuOSF5FWh2xaSWRhwc2ZJz1OlbXv4TkvYzK00bAF0aDNUDCyvLrRkRFDiZQSFTgLV2SLnxA1e7LnH7JF4uxPVC36WPvrIMSr3AiuUTwFD0QfO&usqp=CAY",10,"Franziska","FRANZISKA",2021-01-22 00:00:00,2021-01-22 00:00:00,""
7,"Mehl","1",1000,"https://img.rewe-static.de/6729550/1695030_digital-image.png",9,"Franziska","FRANZISKA",2021-01-22 00:00:00,2021-01-22 00:00:00,""
8,"Fleischtomate","4",1,"https://encrypted-tbn0.gstatic.com/shopping?q=tbn:ANd9GcRsV4oXZwalLX8NNwpqSLIqIXMb5l64iVzuoAjcmvE4xA4ZaUDAPXVBOsP3jYJrT-Lk-QwZ0Z6ztW5v_BRPpn52OMH29lpR3KjNEoaLpKeYxOD5VAEGVd5oSA&usqp=CAY",1,"Franziska","",,,""
9,"Möhre","4",1,"https://www.wz.de/imgs/39/4/7/5/8/6/0/9/9/tok_db5d77a07bb597f0b5f604cfd7029593/w1900_h2170_x1628_y2037_shutterstock_475001332-12664b0020583553.jpg",1,"Franziska","",,,""
28,"Olivenöl","8",1,"https://cdn.competec.ch/images2/5/0/1/58230105/58230105_xxl.jpg",12,"Franziska","FRANZISKA",2022-06-24 00:00:00,2022-06-25 00:00:00,""
42,"Staudensellerie","21",1,"https://img.rewe-static.de/0483281/21288885_digital-image.png?output-quality=60&fit=inside|840:840&background-color=ffffff",1,"Franziska","FRANZISKA",2025-01-11 00:00:00,2025-01-11 00:00:00,""
46,"Monin Sirup","8",1,"https://img.rewe-static.de/8905290/22864832_digital-image.png",20,"Franziska","FRANZISKA",2021-03-21 00:00:00,2021-03-21 00:00:00,""
47,"Backpapier zugeschnitten","7",1,"https://encrypted-tbn0.gstatic.com/images?q=tbn:ANd9GcQthBuoZQ0IHm3UHsPQJMM6OMWghUvipZauJKcquHDA1lRRcp0C_Ll-NeYuOx_4VRoSsqH1igc&usqp=CAc",16,"Franziska","FRANZISKA",2021-02-21 00:00:00,2021-02-21 00:00:00,""
51,"Schweineschnitzel","4",2,"https://img.rewe-static.de/2235303/23539620_digital-image.png",2,"Franziska","FRANZISKA",2021-01-02 00:00:00,2021-01-02 00:00:00,""
53,"Pfeffersalami","1",80,"https://img.rewe-static.de/7066800/26925510_digital-image.png",2,"Franziska","",,,""
56,"Schmelzkäse","7",1,"https://encrypted-tbn1.gstatic.com/shopping?q=tbn:ANd9GcRYT0Z3h8sidQJ7IvtlTDR-zuC3Odsrxa3jCkzoe_vDYA7vC04J7ZYgxkjuhYVnPWeRi3iZFx63sFb9QyuewdoTUsFcsVMIwOEfXzRGpau4TSSpDm_7wb9pig&usqp=CAY",11,"Franziska","",,,""
63,"Paradiescreme","7",1,"https://encrypted-tbn2.gstatic.com/shopping?q=tbn:ANd9GcTUjgENNxfs3Roojx6Z9Pj_6bJ8TlpvCrgpP4SPIiUU65O6MXLRmIsaaVJGoU9wlj6N4YPIPNlLuloAqK90eoLhAudh-gHrwe0QIvcY3NeZzKh2JPJFRCCB&usqp=CAY",9,"Franziska","",,,""
65,"Maggi Fix Gnocchi Gemüsepfanne","7",1,"https://www.maggi.de/sites/g/files/cisvdi421/files/styles/product_image_tab_landscape_384_768/public/product_database_images_012409153-277310.png?itok=LENA9bun",12,"Franziska","",,,""
66,"Maggi Fix Käse-Spätzle","7",1,"https://encrypted-tbn0.gstatic.com/images?q=tbn:ANd9GcQ4cUOnW750n4p-khZnWLIZ3EbYHB5dT15O-5PC5Za4bmDaqtWmoMp_95owNK98WZg_RUZmxog&usqp=CAc",12,"Franziska","",,,""
70,"Coca Cola","9",1,"https://encrypted-tbn2.gstatic.com/shopping?q=tbn:ANd9GcRgUI9SIQBOwAAtb-nLSkdjLjPG0NWkDdseTmO7M7-E_J3IJBPNxSDklb4xP5x24HZGqMdAINDnyQQULVqD4qIrdGRd4lpn_T5s0X_3eLaP9MfjXUrkpAWv&usqp=CAY",20,"Franziska","",,,""
76,"Ja-Salami","7",1,"https://encrypted-tbn1.gstatic.com/shopping?q=tbn:ANd9GcT5FXaAijJzfRpMiXc3OrBlnRmfTy_47raE1wxXRErIjzU5q-i1e4G0djaHoHswb_bIwXkRlOitYotM-nTWPk53lvU8XmJv7eq5eVdrYvzCSx_uG0oRTj5RGw&usqp=CAY",2,"Franziska","FRANZISKA",2021-01-22 00:00:00,2023-01-17 00:00:00,""
78,"Hamburger XXL-Brötchen","4",4,"https://static.openfoodfacts.org/images/products/438/886/027/8842/front_de.3.full.jpg",7,"Franziska","FRANZISKA",2023-01-17 00:00:00,2023-01-17 00:00:00,""
80,"Fleischtortellini","1",500,"https://img.rewe-static.de/0117992/21999892_digital-image.png",2,"Franziska","FRANZISKA",2023-01-17 00:00:00,2023-01-17 00:00:00,""
90,"Pizza Sauce","41",1,"https://encrypted-tbn2.gstatic.com/shopping?q=tbn:ANd9GcSUnSCb1Eqp0atm15zsAQ-0hgtGOzKdYBG-zSI_e8MHYdj_7b25ne-GejRpITFW5RiLEngDUP2nRp6x61ENfBGBFI1BbZfwgxDOdg-B-A0d_LR3zoMjQGdX&usqp=CAY",10,"Franziska","",,,""
94,"Duplo","7",1,"https://encrypted-tbn0.gstatic.com/shopping?q=tbn:ANd9GcSvsFBFwDcF5prTeHXJ4vvZBlXF6m9dntFGjMEVgw6RsPZVk9WwjEKD_5oj1UPAYS-c-6s42f3fxXjvbDbH2z8Oh4UV5C9JqBLUGxRmAIyT5F-xB_1uNfF5&usqp=CAY",14,"Franziska","",,,""
95,"Bueno","7",1,"https://img.rewe-static.de/3953440/2650260_digital-image.png",14,"Franziska","",,,""
105,"Cookies Schoko (Rewe)","7",1,"https://img.rewe-static.de/7081543/27176311_digital-image.png",14,"Franziska","",,,""
119,"Sonnenblumenöl","6",1,"https://img.rewe-static.de/6928242/24677567_digital-image.png",13,"Franziska","FRANZISKA",2021-01-24 00:00:00,2021-01-24 00:00:00,""
156,"Rinderfilet","1",250,"https://www.landgemachtes.de/wp-content/uploads/2019/12/Rinderfilet_Landgemachtes-20.jpg",6,"TOBIAS","FRANZISKA",2020-12-30 00:00:00,2025-12-23 00:00:00,""
144,"Fleischwurst","1",400,"https://encrypted-tbn2.gstatic.com/shopping?q=tbn:ANd9GcQ24AKOnIdlxVPPgE04dBUZeqYzW5FUYqud0JBb5lY4kRqHZlsCbN3Jdax7Cu2RqCpQDofRJkVJbVTZ1rlCU5-5bMz9RJYkWQZHBXH30yKN5pO2yGPkS7K-wA&usqp=CAY",2,"Franziska","TOBIAS",2020-12-30 00:00:00,2020-12-30 00:00:00,""
145,"Miracel Whip","5",500,"https://images-na.ssl-images-amazon.com/images/I/71lL0Wd9BWL._SX425_.jpg",12,"Franziska","TOBIAS",2020-12-30 00:00:00,2020-12-30 00:00:00,""
148,"Piemento-Oliven","10",1,"https://vieni.ch/wp-content/uploads/CON141204-600x600.jpg",13,"Christian","FRANZISKA",2022-06-24 00:00:00,2022-06-25 00:00:00,""
150,"Knoblauchpulver","1",80,"https://img.rewe-static.de/4202031/23679832_digital-image.png?resize=152px:152px&output-quality=80&output-format=jpeg",5,"nobody","TOBIAS",2020-12-28 00:00:00,2020-12-30 00:00:00,""
152,"Mungobohnenkeimling","1",200,"https://img.rewe-static.de/7186430/28597714_digital-image.png",1,"FRANZISKA","TOBIAS",2020-12-28 00:00:00,2020-12-30 00:00:00,""
197,"Reis (Langkorn)","1",500,"https://img.rewe-static.de/7390947/3731030_digital-image.png",10,"CHRISTIAN","FRANZISKA",2021-01-18 00:00:00,2021-02-26 00:00:00,""
198,"Ajvar","1",350,"https://images-na.ssl-images-amazon.com/images/I/91FUmGqI56L._SL1500_.jpg",13,"CHRISTIAN","CHRISTIAN",2021-01-18 00:00:00,2021-01-18 00:00:00,""
201,"Nimm 6 Lachgummi Joghurt","7",1,"https://img.rewe-static.de/1343509/18209350_digital-image.png",14,"FRANZISKA","FRANZISKA",2021-01-22 00:00:00,2021-02-26 00:00:00,"Rewe"
203,"Haribo Pico Balla","7",1,"https://img.rewe-static.de/0126561/5197930_digital-image.png",14,"FRANZISKA","FRANZISKA",2021-01-22 00:00:00,2021-02-26 00:00:00,"Rewe"
212,"Chili Pulver","41",,"https://img.rewe-static.de/2550462/24835957_digital-image.png",5,"FRANZISKA","FRANZISKA",2021-02-05 00:00:00,2021-02-26 00:00:00,"Rewe"
214,"Zaziki Groß","7",1,"https://src.discounto.de/pics/Angebote/2018-05/2491635/3797608_Apostels-Zaziki-500g_xxl.jpg",3,"FRANZISKA","FRANZISKA",2021-02-09 00:00:00,2021-02-26 00:00:00,"Rewe"
217,"Leibniz Butterkeks","7",1,"https://img.rewe-static.de/0107158/1264950_digital-image.png",14,"FRANZISKA","FRANZISKA",2021-02-09 00:00:00,2022-06-25 00:00:00,"Rewe"
219,"Sambal Oelek Paste","10",1,"http://www.codecheck.info/img/48987331/1",13,"FRANZISKA","FRANZISKA",2021-02-17 00:00:00,2021-02-26 00:00:00,"Rewe"
223,"Zwiebelbaguette","4",1,"https://fddb.info/static/db/400/120/KTVLZFC4AK0UKVM5OEY9X1J0.jpg",7,"FRANZISKA","FRANZISKA",2021-02-21 00:00:00,2021-02-26 00:00:00,"Rewe"
224,"Blattsalat Mix","7",1,"https://encrypted-tbn2.gstatic.com/shopping?q=tbn:ANd9GcRFmRnuduqrEwb6_ZBnIjvYX6JoiMAoj6Vc8P_gNUciV_4CMXfaQfA-T1zs-Y7ERWRbEs5xWfmiN4-2JENbRa3zFwjkcix-YYGo7dMtAbFm8gTwTg_QSw6j&usqp=CAY",1,"FRANZISKA","FRANZISKA",2021-02-21 00:00:00,2021-02-26 00:00:00,"Rewe"
213,"Vanillekrapfen","4",6,"https://img.rewe-static.de/2149747/26364261_digital-image.png",7,"FRANZISKA","FRANZISKA",2021-02-09 00:00:00,2021-02-26 00:00:00,"Rewe"
193,"Jalapenos","10",1,"https://img.rewe-static.de/1429544/26842610_digital-image.png",13,"FRANZISKA","FRANZISKA",2021-01-15 00:00:00,2021-02-26 00:00:00,"Rewe"
18,"Gyros","1",500,"https://img.rewe-static.de/2045713/22181778_digital-image.png",6,"Franziska","",,,""
19,"Schinken Nuggets 3er-Pack","7",1,"https://img.rewe-static.de/4340388/1391540_digital-image.png",2,"Franziska","FRANZISKA",2021-01-22 00:00:00,2021-01-22 00:00:00,""
26,"Creme Fraiche","1",200,"https://img.rewe-static.de/0112180/20952602_digital-image.png",3,"Franziska","",,,""
30,"Apfelmus REWE","10",1,"https://img.rewe-static.de/0130632/20795206_digital-image.png",12,"Franziska","",,,""
33,"Stückige Tomaten","7",1,"https://encrypted-tbn0.gstatic.com/shopping?q=tbn:ANd9GcQXh6dpqWskxLWaEKE2EmkyMDe7R5gQWlvgpzoJdlG3vl7aWfefwiKDskt5yQ_DM8dZmx2CPt_MX1ebcIcu2VYGYJfjf-kwOm4tOo8Dzf8heupo6OqST6zFAg&usqp=CAY",10,"Franziska","FRANZISKA",2021-01-22 00:00:00,2021-01-22 00:00:00,""
35,"Putenschnitzel","4",2,"https://img.rewe-static.de/7699557/21720531_digital-image.png",2,"Franziska","FRANZISKA",2021-02-09 00:00:00,2021-02-09 00:00:00,""
45,"Weißer Rum","6",0.7,"https://img.rewe-static.de/6237118/654800_digital-image.png",15,"Franziska","",,,""
48,"Ananassaft","6",1,"https://res.cloudinary.com/deloma/image/upload/c_lpad,h_630,q_85,w_1200/v1/images/product/65d58e73-a5d7-4ab5-ae2d-11dd9dea1274.png",20,"Franziska","",,,""
49,"Oragensaft","6",1,"https://res.cloudinary.com/deloma/image/upload/c_lpad,h_630,q_85,w_1200/v1/images/product/d13ca6aa-56f9-4159-a368-fda6600afd0d.png",20,"Franziska","",,,""
58,"Schalotten","42",1,"https://encrypted-tbn0.gstatic.com/images?q=tbn:ANd9GcSpJg_ugTPwHfsfxTlL-C25RdWsrLR5WLTIwCbkZQ8Rz9Rv9K-UEWY44GT8m5oIv5Rt5rZSbuo&usqp=CAc",1,"Franziska","",,,""
59,"Cherrytomate","1",250,"https://static.openfoodfacts.org/images/products/438/884/411/4197/front_de.4.full.jpg",1,"Franziska","",,,""
61,"Spätzle getrocknet","1",500,"https://img.rewe-static.de/3251199/27173634_digital-image.png",10,"Franziska","FRANZISKA",2023-01-17 00:00:00,2023-01-17 00:00:00,""
64,"Maggi Fix Bauerntopf","7",1,"https://encrypted-tbn3.gstatic.com/shopping?q=tbn:ANd9GcR6BSbt8lsk0WYWqkGfnntZy2p9NPO6Xrdt1pXgU8H0UX1stLYIxUX4bzP4J4FHLQGcWT9t8mXUeC_QubWUHv95fR7hNd3lUc-a88OeyLf5s5uuagxuMufR&usqp=CAY",12,"Franziska","",,,""
69,"Gösser Natur Radler","9",1,"https://img.rewe-static.de/2007458/24273585_digital-image.png",20,"Franziska","",,,""
71,"Kaffee Pads extra strong","7",1,"https://res.cloudinary.com/kaffekapslen/image/upload/c_lpad,dpr_1.0,f_auto,h_406,q_auto,w_406/media/catalog/product/s/e/senseo-extra-strong-utz-16-0001.jpg",8,"Franziska","",,,""
72,"Kaffee Pads strong","7",1,"https://res.cloudinary.com/kaffekapslen/image/upload/c_lpad,dpr_1.0,f_auto,h_406,q_auto,w_406/media/catalog/product/s/e/senseo-strong-utz-48-0001.jpg",8,"Franziska","",,,""
74,"Hamburger Rind","4",4,"https://encrypted-tbn3.gstatic.com/shopping?q=tbn:ANd9GcT2Frw498ANsNy4krX9jfsaDjnY3yOcyS2qmdKd5mll4yskBHYkbwWwx5HuBGkyoQ6JXdVS2-xAcn3RVam0-tFGLlrp4E9foYMtAGUFjlJp8R0rqZgckF9d-Q&usqp=CAY",2,"Franziska","FRANZISKA",2023-01-17 00:00:00,2023-01-17 00:00:00,""
75,"Hähnchen-Schnitzel","1",400,"https://img.rewe-static.de/7699670/22280469_digital-image.png",2,"Franziska","",,,""
77,"Ja-Kochschinken","7",1,"https://encrypted-tbn0.gstatic.com/images?q=tbn:ANd9GcQ5LVbO1toQFiR_c-9xzWiXhH3NluBt-0yYvyGC76eEID_9abCuZrTjVSCmINEiqPEs1a3FlqMy&usqp=CAc",2,"Franziska","FRANZISKA",2023-01-17 00:00:00,2023-01-17 00:00:00,""
82,"Apfel","2",1,"https://gesund.co.at/wp-content/uploads/2018/10/apfel-kalorien-vitamine.jpg",1,"Franziska","FRANZISKA",2022-05-27 00:00:00,2022-06-25 00:00:00,""
88,"Kuvertüre Zartbitter","1",200,"https://img.rewe-static.de/1146829/11081480_digital-image.png",9,"Franziska","",,,""
89,"Würzsauce Salsa","10",1,"https://encrypted-tbn0.gstatic.com/shopping?q=tbn:ANd9GcRQtXlU9ibKBiW38YrzW71sAetlZGtHS34pe11ZYI8Dn-sbUxjw3kJ-wJywDrl28fDMlGf52AGG1ezyVYpkL1Azw6N0lf5n99mxT4inwqQugOauwNXjkMZ4&usqp=CAY",13,"Franziska","FRANZISKA",2021-01-22 00:00:00,2021-01-22 00:00:00,""
91,"Worcestershire","5",125,"https://encrypted-tbn0.gstatic.com/images?q=tbn:ANd9GcQ9sOyI0gjLVFvjt-bEY75SaDuZEMXL0Ts4F1955JCZEEqDoCvYdc9XxJk_5fqOh6I6VMho&usqp=CAc",13,"Franziska","",,,""
93,"Pringles Sour Cream","41",1,"https://img.rewe-static.de/8279794/28999230_digital-image.png",14,"Franziska","FRANZISKA",2021-02-26 00:00:00,2021-02-26 00:00:00,""
96,"Knoppers","4",10,"https://www.worldofsweets.de/out/pictures/generated/product/1/540_340_75/knoppers-8er.jpg",14,"Franziska","",,,""
98,"Chinakohl","2",1,"https://img.rewe-static.de/0482340/24569871_digital-image.png",1,"Franziska","FRANZISKA",2021-03-06 00:00:00,2021-03-06 00:00:00,""
100,"Ingwer","1",50,"https://img.rewe-static.de/1218820/24569461_digital-image.png",1,"Franziska","",,,""
102,"Salatgurke","4",1,"https://img.rewe-static.de/0483303/24569873_digital-image.png",1,"Franziska","FRANZISKA",2021-01-02 00:00:00,2021-03-06 00:00:00,""
104,"Kokosmilch","5",400,"https://img.rewe-static.de/1192227/24078421_digital-image.png",13,"Franziska","",,,""
108,"Toilettenpapier Ja blau","4",10,"https://frogcoffee.de/media/image/e3/84/96/1035678634a_600x600.png",16,"Franziska","",,,""
109,"Hähnchenflügel gewürzt","1",500,"https://img.rewe-static.de/7698291/26208179_digital-image.png",2,"Franziska","",,,""
110,"Pfeffer-Beisser","7",1,"https://img.rewe-static.de/0862184/25739311_digital-image.png",2,"Franziska","",,,""
112,"Ciabatta italienische Backkunst","4",1,"https://encrypted-tbn2.gstatic.com/shopping?q=tbn:ANd9GcSO9Syx_t13rk0aOrrIXU23CNVOu-os1r2oK8E9V00ccWI4BJr4r7q9i56U1cy8tYk0N9-EjXyfuq1MQGTJkmxUf453ncY8YaqV3w4e1HZNiIeINmuEAGQt&usqp=CAY",7,"Franziska","FRANZISKA",2021-01-02 00:00:00,2021-01-24 00:00:00,""
113,"Müllermilch","8",1,"https://img.rewe-static.de/3529711/8463200_digital-image.png",3,"Franziska","",,,""
114,"Schmand","1",200,"https://encrypted-tbn3.gstatic.com/shopping?q=tbn:ANd9GcSw_NznDAzP7DIgLhuH3Kd8KqBoObsI1W8EhtxQm-IkNnpgw56FZvg1iP7uX3idT8FrRrWXRLTjhdUUAdv0sUYO0C9RCKGDvm-de7wkudmEyF11YkcPvEG27w&usqp=CAY",3,"Franziska","FRANZISKA",2021-01-22 00:00:00,2021-01-22 00:00:00,""
116,"Süß-Sauer-Soße (Reis)","10",1,"https://encrypted-tbn0.gstatic.com/images?q=tbn:ANd9GcShKLdR0fD36Pty_mqsXwjFk4aSGQBN7-IlIKKVOpwHAzhgAU_yBdN1_yqcY5YGTwoIriQFVNQ&usqp=CAc",10,"Franziska","",,,""
117,"Bratwurst","4",4,"https://encrypted-tbn2.gstatic.com/shopping?q=tbn:ANd9GcT8Yeg7KSdk9gyxuKFw3eqvGPcQFBIJGo92xnmmy31W-IXZqQ5wSjcAxcA287cg3hMJiwQoU2_wzzJIExb73TUAHmJZ4Q5yZdCILwyIJEVPEmFfpz18wJ5wRg&usqp=CAY",2,"Franziska","",,,""
122,"Vanille Eis","6",1,"https://img.rewe-static.de/5910480/3941390_digital-image.png",18,"Franziska","",,,""
126,"Mie-Nudeln","1",500,"https://encrypted-tbn0.gstatic.com/shopping?q=tbn:ANd9GcTEkb4ljbW_HXJBkYK3FHIsrVlMgvbGTfAc6OjnixGgBd3gLEwoqpH0UI-mslHpOQbWUwVQ3fey9_lZJPwzQ5LHVL_uNmmDsBQZCjWeggXPP7PDlHP64VxF&usqp=CAY",13,"Franziska","",,,""
127,"Hoisin Paste","10",1,"https://www.pepperworldhotshop.com/out/pictures/master/product/1/lee-kum-kee-teriyaki-sauce-lk203.jpg",13,"Franziska","",,,""
129,"Backpulver","7",1,"https://img.rewe-static.de/8301059/30132780_digital-image.png",9,"Franziska","FRANZISKA",2020-12-30 00:00:00,2021-01-22 00:00:00,""
135,"Salatdressing Paprika-Kräuter","7",5,"https://images-na.ssl-images-amazon.com/images/I/81YA2N%2BLHOL._SY445_.jpg",13,"Franziska","TOBIAS",2020-12-30 00:00:00,2020-12-30 00:00:00,""
136,"Gemüsemaultaschen","7",1,"https://encrypted-tbn0.gstatic.com/shopping?q=tbn:ANd9GcQAvIHSRWN7DupHXmfIiA7WZ-aZJZJxwAEw8E5S4A9s7cnWd5XXWYCc2fHHfy963czIksg2rIAg4GUwJxzPOrcYic8qCfpWP-NRJL_50OS49JWPZkREb2Bhqg&usqp=CAY",2,"Franziska","FRANZISKA",2020-12-30 00:00:00,2021-01-24 00:00:00,""
139,"Knoblauch","42",1,"https://img.rewe-static.de/1041139/21288186_digital-image.png",1,"Franziska","FRANZISKA",2020-12-30 00:00:00,2021-01-02 00:00:00,""
140,"Süßkartoffel","2",1,"https://img.rewe-static.de/0475963/24569668_digital-image.png?imwidth=840&impolicy=pdp",1,"Franziska","FRANZISKA",2020-12-30 00:00:00,2025-11-17 00:00:00,""
141,"Paniermehl","1",500,"https://img.rewe-static.de/4221095/2528960_digital-image.png",9,"Franziska","FRANZISKA",2020-12-30 00:00:00,2021-01-02 00:00:00,""
142,"Gewürzmischung Tacco","11",1,"https://images-na.ssl-images-amazon.com/images/I/916Wp4cO83L._SY550_.jpg",13,"Franziska","FRANZISKA",2020-12-30 00:00:00,2021-01-22 00:00:00,""
146,"Gemüsepfanne Tiefkühl","1",500,"https://images-na.ssl-images-amazon.com/images/I/71MKOU296vL._SL1500_.jpg",18,"Franziska","TOBIAS",2020-12-30 00:00:00,2020-12-30 00:00:00,""
10,"Butter","1",500,"https://encrypted-tbn0.gstatic.com/images?q=tbn:ANd9GcQDtMMPXu0KuhPesDNchEcQrOj0NDm56fDukw&usqp=CAU",11,"Franziska","FRANZISKA",2021-01-22 00:00:00,2022-06-25 00:00:00,""
11,"Rotwild Dornfelder Rotwein","8",1,"https://img.rewe-static.de/4272161/2699870_digital-image.png",15,"Franziska","FRANZISKA",2021-03-06 00:00:00,2021-03-06 00:00:00,""
14,"Paprika","4",1,"https://img.rewe-static.de/0483559/24570151_digital-image.png",1,"Franziska","",,,""
16,"Kartoffel","2",2,"https://static.openfoodfacts.org/images/products/438/884/411/3893/front_de.5.full.jpg",1,"Franziska","",,,""
20,"Brot","7",1,"https://img.rewe-static.de/8029790/30582311_digital-image.png",7,"Franziska","FRANZISKA",2023-01-17 00:00:00,2023-01-17 00:00:00,""
24,"Milch","6",1,"https://img.rewe-static.de/3072549/26121037_digital-image.png?imwidth=840&impolicy=pdp",9,"Franziska","FRANZISKA",2021-01-22 00:00:00,2025-12-23 00:00:00,""
29,"Remoulade","12",1,"https://img.rewe-static.de/5256500/2579840_digital-image.png",12,"Franziska","",,,""
36,"Kaminwurzerl","7",1,"https://img.rewe-static.de/0087953/22337455_digital-image.png",2,"Franziska","",,,""
37,"Mozzarella","7",1,"https://encrypted-tbn2.gstatic.com/shopping?q=tbn:ANd9GcQEb0OykMkbYLGfIF2W-h56apf8Y6rqx_5WpdoVzLhl8a7iIX6YdUh9d5Wew2dC40YYsqEy2ysQP7Dq_TdDfkhaFUAJ2ZFEsSCZ73_mv1MGopEdCqeRvKXq&usqp=CAY",11,"Franziska","",,,""
38,"Grana Padano Pamesan gerieben","7",1,"https://img.rewe-static.de/8278921/29197808_digital-image.png",11,"Franziska","FRANZISKA",2021-01-24 00:00:00,2021-01-24 00:00:00,""
39,"Limette","4",4,"https://img.rewe-static.de/3169120/24568901_digital-image.png?output-quality=60&fit=inside|840:840&background-color=ffffff",1,"Franziska","FRANZISKA",2025-01-06 00:00:00,2025-01-06 00:00:00,""
40,"Ananas","4",1,"https://img.rewe-static.de/7384394/7360890_digital-image.png?imwidth=840&impolicy=pdp",1,"Franziska","FRANZISKA",2025-12-09 00:00:00,2025-12-09 00:00:00,""
131,"Zucker","2",1,"https://img.rewe-static.de/5249473/7085130_digital-image.png",9,"Franziska","FRANZISKA",2020-12-30 00:00:00,2021-02-17 00:00:00,""
132,"Zimt","11",1,"https://img.rewe-static.de/2550418/24863698_digital-image.png",5,"Franziska","TOBIAS",2020-12-30 00:00:00,2020-12-30 00:00:00,""
137,"Gemüsebrühe Maggi","10",1,"https://images-na.ssl-images-amazon.com/images/I/51GjepI1DzL._SX385_.jpg",12,"Franziska","TOBIAS",2020-12-30 00:00:00,2020-12-30 00:00:00,""
138,"Schmelzkäse mit Kräutern","1",200,"https://img.rewe-static.de/4833040/8920820_digital-image.png",11,"Franziska","FRANZISKA",2020-12-30 00:00:00,2023-01-17 00:00:00,""
155,"Salatdressing Dill","7",5,"https://images-na.ssl-images-amazon.com/images/I/9143NO1ax-L._SY445_.jpg",13,"FRANZISKA","TOBIAS",2020-12-28 00:00:00,2020-12-30 00:00:00,""
164,"Sesam","1",250,"https://img.rewe-static.de/7089432/29387252_digital-image.png",4,"FRANZISKA","FRANZISKA",2021-01-02 00:00:00,2021-01-02 00:00:00,""
165,"Senf","12",1,"https://encrypted-tbn0.gstatic.com/shopping?q=tbn:ANd9GcR4JxY-tVesr4AODb1j72i8Dko-WsC160XlI3dvZ3XvC1gPfHbtfXpan46OxQ_eakSjsJ6w-qtpnRNBP3suoxB46Mf6hhgzGhDhBG-bw8MYXUM4uNiQfWC_Yg&usqp=CAY",12,"FRANZISKA","FRANZISKA",2021-01-02 00:00:00,2021-01-02 00:00:00,""
168,"Spülmaschinentabs","4",70,"https://img.rewe-static.de/8275503/29001401_digital-image.png?resize=1320px:1320px&output-quality=90&output-format=image/webp&background-color=FFFFFF",16,"FRANZISKA","FRANZISKA",2021-01-02 00:00:00,2021-01-02 00:00:00,""
169,"Chili","4",1,"https://img.rewe-static.de/2016761/23275430_digital-image.png",1,"FRANZISKA","FRANZISKA",2021-01-02 00:00:00,2021-02-26 00:00:00,""
170,"Burgerbrötchen Vollkorn","4",4,"https://www.grillsportverein.de/forum/attachments/22-jpg.1508188/",7,"FRANZISKA","FRANZISKA",2021-01-02 00:00:00,2021-02-26 00:00:00,""
171,"Laugen-Kräuterbaguette Meggle","4",1,"https://encrypted-tbn2.gstatic.com/shopping?q=tbn:ANd9GcRI4AHskrJo7iXAREruzDEmIAF2ToJotBEIOul6BB9Rf-orH9HrWrpVRF0Q9x1CU8_NM3dZrZzhu1jWdz6ThZ1SETPY7CpBQdYFnjgo8QKOv5Sa0WipnEcDyg&usqp=CAY",2,"FRANZISKA","FRANZISKA",2021-01-02 00:00:00,2021-02-26 00:00:00,""
172,"Mohn backfertig (gemahlen)","11",1,"https://encrypted-tbn3.gstatic.com/shopping?q=tbn:ANd9GcTpK-KXyo9LdJ5eqmrdvGUSJrvbfz-W8tQ73cjG0A_Dx04_5UbRKTo9KVpDR52NTksRpVNxzs8rNPeZbnN5gG-jnSdTXcc1beHK84-tl0NG_FXmUzc84jlohA&usqp=CAY",9,"FRANZISKA","FRANZISKA",2021-01-02 00:00:00,2021-02-26 00:00:00,""
173,"Bambusstreifen","10",1,"https://encrypted-tbn1.gstatic.com/shopping?q=tbn:ANd9GcRGqognI8MZ37e-P8j_mMCTAt3j8cREQXZZd-IHb9a_VTCmVf58yGNqK_m5WScgzrvUSG-D0F5jPCjvfQ4_eqepy9xA7IKLv4X9a4HDEEP43uI7LBMlWfyf&usqp=CAY",13,"FRANZISKA","FRANZISKA",2021-01-02 00:00:00,2021-02-26 00:00:00,""
174,"Champignon","4",1,"https://encrypted-tbn2.gstatic.com/shopping?q=tbn:ANd9GcT7GtH3z1SrQSMya5JEMOapEI8QelnbJX7FWuy0JQu_5sOn4zdK2ekrXwrs94H4omMkUTSPwX2bhXAhUd3Un_yk4cl8qeYZaDh-c3YODz6ZkEdAuN___dVsZA&usqp=CAY",1,"FRANZISKA","FRANZISKA",2021-01-02 00:00:00,2021-02-26 00:00:00,""
175,"Fonduefleisch Schwein","1",500,"https://src.discounto.de/pics/Angebote/2018-12//4384148_Frisches-Schweine-Fonduefleisch_xxl.jpg",2,"FRANZISKA","FRANZISKA",2021-01-02 00:00:00,2021-02-26 00:00:00,""
186,"Klarspüler","1",1,"https://img.rewe-static.de/0919335/20754970_digital-image.png",16,"IRIS","FRANZISKA",2021-01-06 00:00:00,2021-02-26 00:00:00,""
177,"Hähnchen-Geschnetzeltes","1",500,"https://img.rewe-static.de/7808032/36096770_digital-image.png",2,"FRANZISKA","FRANZISKA",2021-01-02 00:00:00,2025-01-11 00:00:00,""
178,"Fetakäse","1",200,"https://encrypted-tbn0.gstatic.com/shopping?q=tbn:ANd9GcSnnVkvz-Pl5SJBJrYVj-1RTLyNIjLO5-2CUjP9lFo1MmL_-kNAObhod6Gcu0hJ4pbQdrYBRhvx0eGP2a0_ZykXjN4DoKm6Ztrxur1c7ePHaXaqCXHnWXwz&usqp=CAY",11,"FRANZISKA","FRANZISKA",2021-01-02 00:00:00,2021-02-26 00:00:00,""
179,"Caffreddo","5",200,"https://img.rewe-static.de/0231312/883600_digital-image.png",3,"FRANZISKA","FRANZISKA",2021-01-02 00:00:00,2021-02-26 00:00:00,""
180,"Beerenmischung","1",500,"https://img.rewe-static.de/2317794/24710801_digital-image.png",18,"FRANZISKA","FRANZISKA",2021-01-02 00:00:00,2021-02-26 00:00:00,""
181,"Majoran gerebelt","41",1,"https://www.edeka24.de/out/pictures/generated/product/1/288_288_90/ostmannmajorangerebelt.jpg",5,"FRANZISKA","FRANZISKA",2021-01-02 00:00:00,2021-02-26 00:00:00,""
182,"Ja!-Mais","41",1,"https://encrypted-tbn1.gstatic.com/shopping?q=tbn:ANd9GcQoOOiEW4ypYUDjIEa3efIAVPLRVbWd7CWPwb3x6a1-qM8J7TImPI43mi2l_KL_E6qUTdu8mMxDUI0P_Ih0MdbOnt_5320R_Hfj4umWb6h6_I0xZmwvFtmk&usqp=CAY",12,"FRANZISKA","FRANZISKA",2021-01-02 00:00:00,2021-02-26 00:00:00,""
184,"Hugo weiß","6",1,"https://img.rewe-static.de/1372825/25462798_digital-image.png",15,"FRANZISKA","FRANZISKA",2021-01-02 00:00:00,2021-02-26 00:00:00,""
185,"Binden","4",1,"https://img.rewe-static.de/3019481/26141819_digital-image.png",16,"IRIS","FRANZISKA",2021-01-06 00:00:00,2021-02-27 00:00:00,""
188,"Zahnbürste","4",1,"https://img.rewe-static.de/1989694/22110920_digital-image.png",16,"IRIS","FRANZISKA",2021-01-06 00:00:00,2021-02-26 00:00:00,""
189,"Currysoße","4",1,"https://img.rewe-static.de/4584252/10796980_digital-image.png",12,"IRIS","FRANZISKA",2021-01-06 00:00:00,2021-02-26 00:00:00,""
190,"Tomaten pürriert","7",,"https://encrypted-tbn2.gstatic.com/shopping?q=tbn:ANd9GcRors_tqQ8XjYd29ugpC2ETgpMfeZhbCob-SE-oHk99Fvdu8et0IwfuotxZtoVm1LX-2g9s6rIgYVJQktl7R44hGd8giZsoQTlWwRHhz74SYG7EbFAe_zt8sQ&usqp=CAY",12,"IRIS","FRANZISKA",2021-01-06 00:00:00,2021-02-26 00:00:00,""
196,"Schweppes Wild Berry","6",1,"https://img.rewe-static.de/0403541/1887830_digital-image.png",20,"FRANZISKA","FRANZISKA",2021-01-15 00:00:00,2021-02-27 00:00:00,"Rewe"
199,"Erbsen (TK)","1",1000,"https://img.rewe-static.de/7083761/27166086_digital-image.png",18,"CHRISTIAN","FRANZISKA",2021-01-18 00:00:00,2021-02-26 00:00:00,""
211,"Taschentücher Box","4",1,"https://img.rewe-static.de/1953777/31563763_digital-image.png",16,"FRANZISKA","FRANZISKA",2021-01-30 00:00:00,2021-02-26 00:00:00,"Rewe"
215,"Chili Flocken","11",1,"https://encrypted-tbn2.gstatic.com/shopping?q=tbn:ANd9GcTPBTb30sdNKoBt_k29qMPBJ-ZT0EUXbBB4Zi6zM2fTRnfiEYvVzDSkMo1j2_sIynPuMyLvo8kqMWd6tSbDpdGNg83spWkYMjvh8PpvthU7zeKBeTyu1Lta&usqp=CAY",5,"FRANZISKA","FRANZISKA",2021-02-09 00:00:00,2021-02-26 00:00:00,"Rewe"
221,"Eisbergsalat","4",1,"http://www.codecheck.info/img/49540485/1",1,"FRANZISKA","FRANZISKA",2021-02-19 00:00:00,2021-02-19 00:00:00,"Rewe"
222,"Vollkornbaguette","4",1,"https://www.lebegesund.de/media/image/18/b2/f0/bauern-baguette-dinkel-frisch-bestellen_1280x1280@2x.jpg",7,"FRANZISKA","FRANZISKA",2021-02-19 00:00:00,2021-02-19 00:00:00,"Rewe"
194,"Cornflakes","1",500,"https://encrypted-tbn3.gstatic.com/shopping?q=tbn:ANd9GcSEh0huWOHaoswMuKg4_0rkIqkaRbMH3SJpkHTj1o3orMq0-FifiR7pWquvxgy2cQZwZjtnQtbjUQO4LH9RbtaLa0K2VBYT6t2zYabr0L7_FBQFXh8hVBhkCw&usqp=CAY",8,"FRANZISKA","FRANZISKA",2021-01-15 00:00:00,2021-02-26 00:00:00,"Rewe"
13,"Lasagne Nudeln","1",500,"https://img.rewe-static.de/0672979/22723779_digital-image.png",10,"Franziska","",,,""
50,"Roulade","2",1,"https://encrypted-tbn0.gstatic.com/images?q=tbn:ANd9GcSEOJvhMGSTO5YkF_n_vVsSZ-2Vl_glZR7W9JgwHv-WZItua743l9EDKtQEIw&usqp=CAc",6,"Franziska","",,,""
52,"Schweinefilet","1",600,"https://img.rewe-static.de/8291572/30659867_digital-image.png",2,"Franziska","",,,""
54,"Breakfast Bacon","1",125,"https://encrypted-tbn0.gstatic.com/images?q=tbn:ANd9GcTgOYFKeYiGlKEk8SZFEfyDQ_kTsfV7Pmj5-5Sg3GjI9UDmr-QaVlhkZrM96Y3w-jDsenKzI44&usqp=CAc",2,"Franziska","",,,""
55,"Käse-Salami","1",80,"https://static.openfoodfacts.org/images/products/438/884/400/4740/front_de.11.full.jpg",2,"Franziska","FRANZISKA",2021-01-02 00:00:00,2021-01-22 00:00:00,""
57,"Salakis Fetakäse","1",200,"https://encrypted-tbn3.gstatic.com/shopping?q=tbn:ANd9GcQaB9LxwdR4iFk5wghQMARgN0DsUJJBMpb1z0lCNCLjwhNAZ-rq9ufH4s0tRs_Hv4frIFMxiexFJB08rY0KgjUa2LW1K6iEnPRQIjaaWCqQDgAi33rLg7Nw&usqp=CAY",11,"Franziska","",,,""
60,"Kroketten Tiefkühl","1",500,"https://img.rewe-static.de/7999807/31247400_digital-image.png",18,"Franziska","",,,""
62,"Vanillinzucker","7",1,"https://encrypted-tbn0.gstatic.com/shopping?q=tbn:ANd9GcQbx_eOXuebUnXVoPWRlX003htD5xWfgL6vQfN_oEawoM_bsalZnI4Dr7hTXPx06fDBc-8YMtJNIdOHkwwAxEI5Wau_EGZxbODBnqq2RgU_gL4pH5DFUTmP&usqp=CAY",9,"Franziska","FRANZISKA",2021-01-22 00:00:00,2021-01-22 00:00:00,""
67,"Maggi Fix Chili con Carne","7",1,"https://www.supermarkt24h.de/media/image/product/27494/md/a-1349525288-.jpg",12,"Franziska","",,,""
68,"Gewürzgurken Sticksi Süß","10",1,"https://encrypted-tbn0.gstatic.com/shopping?q=tbn:ANd9GcSxIYB1ZOf0OIG-f542Z35f1fga9EtMco6UtEKIra1R3vJoDHS-X_eo2vPzABPN0MfeGhj4JGazjIBmGipFj5LwWgFwFehMJKz9yD1wqS48Dosu6malzxdQaQ&usqp=CAY",12,"Franziska","",,,""
73,"Kaffee Pads Classic","7",1,"https://res.cloudinary.com/kaffekapslen/image/upload/c_lpad,dpr_1.0,f_auto,h_406,q_auto,w_406/media/catalog/product/s/e/senseo-classic-medium-cup-16-001.jpg",8,"Franziska","",,,""
79,"Frischhefe Dr. Oetker","4",1,"https://encrypted-tbn3.gstatic.com/shopping?q=tbn:ANd9GcRL0ldJOnCGRDTCd7maN3K1PL-FK00DRfHFFT00zH7Fricj44H4lVc3RKp1_Vq_J-H6pRcmmS42Ehw1d32ujf4gMV-Bw7UNKRWZfDCrlcL4zy-hIZQ-iRuR&usqp=CAY",3,"Franziska","",,,""
81,"Clementinen","42",1,"https://encrypted-tbn0.gstatic.com/images?q=tbn:ANd9GcR7yNuIWJhfoOfsxGDDo_K3IQdWtSgxYYgfqUEUIqVUW3lHjh6uaFAe-I9PbG2Cp_0YYk7e1fOT&usqp=CAc",1,"Franziska","",,,""
84,"Nudeln Farfalle Barilla","1",500,"https://encrypted-tbn0.gstatic.com/images?q=tbn:ANd9GcRTMlEK-AUPl-FfLcZpW-QSEnaMSuC3XlbRjDkj56_flnu3HqcYiTC5GJ0WkZSadQhRz3KdBFQ&usqp=CAc",10,"Franziska","",,,""
85,"Wok Nudeln Kurz","1",250,"https://encrypted-tbn3.gstatic.com/shopping?q=tbn:ANd9GcS33-RAnsqvIz6DEWTXCHfq9LzS_AXhyisfh50AhZ-RtM4-LCIDMa5GrOwZm5w8ALa98TkmbDFgaukB_A3wqKnzNjHwFy0xd8vC6fiIzKIR2Z4pjTm-gsMudQ&usqp=CAY",13,"Franziska","",,,""
86,"Kuvertüre Weiße Schokoladen","1",200,"https://www.ilando24.de/images/dbimages/artikel_0004565_b_1.jpg",9,"Franziska","",,,""
87,"Kuvertüre Milchschokolade","1",200,"https://img.rewe-static.de/0754891/23928077_digital-image.png",9,"Franziska","",,,""
92,"Tortillas Chili","11",1,"https://img.rewe-static.de/9334106/1857330_digital-image.png",14,"Franziska","",,,""
97,"Schöfferhofer Grapefruit","8",6,"https://encrypted-tbn3.gstatic.com/shopping?q=tbn:ANd9GcQxkBFF6ZlGGv3PUuxXpkXQoe4HKFi9hiR9Kifp7t2nto2ou5ruXy0B4aU8vNtYqVjrg6b8PCmUMXvEE2quj8Xe3SI85RI89oufptUMu7Hzh8Ut4B_AF-A0RQ&usqp=CAY",20,"Franziska","FRANZISKA",2021-01-02 00:00:00,2021-01-02 00:00:00,""
99,"Birne","2",1,"https://encrypted-tbn0.gstatic.com/images?q=tbn:ANd9GcSmRtBybvB1UsFxU5dKDhdV1slxmYz-YfPnrQ&s",1,"Franziska","FRANZISKA",2025-12-09 00:00:00,2025-12-09 00:00:00,""
101,"Kräuterbaguette","4",1,"https://img.rewe-static.de/6714161/3322610_digital-image.png",2,"Franziska","",,,""
103,"Kokosfett Platte (Palmin)","7",1,"https://img.rewe-static.de/4532970/1754080_digital-image.png",3,"Franziska","",,,""
106,"Zewa Küchentücher","4",4,"https://img.rewe-static.de/7282457/27904441_digital-image.png?output-quality=75&fit=inside|600:600&output-format=image/webp",16,"Franziska","",,,""
107,"Tomatenketchup","12",1,"https://img.rewe-static.de/2360602/23631618_digital-image.png",12,"Franziska","",,,""
111,"Aufbackbrötchen 6er Ja","4",6,"https://encrypted-tbn3.gstatic.com/shopping?q=tbn:ANd9GcQkqajUPjv30U18pklg_WqzHEtnDZT_cXvcSQ1REIQw7k6X83R2Cw6brmcjNWS5Dpl6LOoOg8WwmzY150yV2C3w9_D0riE6o0mtlu-5jiMScj3EMTCNSAY5Dg&usqp=CAY",7,"Franziska","FRANZISKA",2021-01-22 00:00:00,2023-01-17 00:00:00,""
115,"Reis","4",1,"https://img.rewe-static.de/1111914/724760_digital-image.png",10,"Franziska","IRIS",2021-01-06 00:00:00,2021-01-06 00:00:00,""
118,"Ciabatta","4",1,"https://img.rewe-static.de/1076627/24593417_digital-image.png",7,"Franziska","",,,""
120,"Pfeffer Schwarz Grob","11",1,"https://img.rewe-static.de/2550068/24863671_digital-image.png",5,"Franziska","FRANZISKA",2021-02-09 00:00:00,2021-02-09 00:00:00,"Rewe"
121,"Röstzwiebeln","7",1,"https://www.eilando.de/images/dbimages/artikel_0008410_b_1.jpg",12,"Franziska","FRANZISKA",2025-12-09 00:00:00,2025-12-09 00:00:00,""
123,"Fleischtortellini","2",1,"https://img.rewe-static.de/0117985/21910378_digital-image.png",2,"Franziska","",,,""
124,"Hähnchen-Brustfilet","4",2,"https://img.rewe-static.de/7556390/23184404_digital-image.png",2,"Franziska","FRANZISKA",2021-01-02 00:00:00,2021-01-02 00:00:00,""
125,"Reis","4",8,"https://img.rewe-static.de/5771404/3927720_digital-image.png",10,"Franziska","",,,""
143,"Nudeln für Nudelsalat","1",500,"https://www.kochwiki.org/images/thumb/0/04/H%C3%B6rnchennudeln.jpg/290px-H%C3%B6rnchennudeln.jpg",10,"Franziska","",,,""
147,"Gnocchi (frisch)","1",500,"https://encrypted-tbn2.gstatic.com/shopping?q=tbn:ANd9GcR_iDxUDGgHEntW-Lf2gEsPgSQZSZYh7cU6u9NT_9NX_VB3iXIcqqSL5VWeKsdoR1rH9z-YT-8jKDSblvx27FaHVExolWyGFpwVJsmw5NmHrOIss39_GDpQ&usqp=CAY",2,"Franziska","TOBIAS",2020-12-30 00:00:00,2020-12-30 00:00:00,""
149,"Soja Soße","5",500,"https://m.media-amazon.com/images/I/71LKYmR3Z8L._AC_SS350_.jpg",13,"nobody","FRANZISKA",2020-12-28 00:00:00,2021-02-09 00:00:00,""
151,"Raclette Käse","1",150,"https://encrypted-tbn2.gstatic.com/shopping?q=tbn:ANd9GcTpsWunmnHwJJaj1OmSgWMkl_wCWORci6P99PqGcSlXmJMpCuGajmavtGv3bkRHq01pidxLEOEHTAtH5kNLSKd4S1UNHRhUCB3wqJCpBzp-lNr12lkA-XkF0Q&usqp=CAY",3,"FRANZISKA","TOBIAS",2020-12-28 00:00:00,2020-12-30 00:00:00,""
153,"Tabasco-Soße","8",1,"https://img.rewe-static.de/7090001/27724633_digital-image.png",13,"FRANZISKA","TOBIAS",2020-12-28 00:00:00,2020-12-30 00:00:00,""
154,"Essig","5",500,"https://encrypted-tbn2.gstatic.com/shopping?q=tbn:ANd9GcSk-rfgNAUWNF1x3ozUkKfCx0XfsNW6xSH2vvviOi4hGhqqOg3KotRNw4lziJuecjYStqQoTMYsDvXS3c07V2RZrVENQjbbUSBlE_-zsc1jtKG9_4XnqSmaSQ&usqp=CAY",13,"FRANZISKA","FRANZISKA",2020-12-28 00:00:00,2021-01-22 00:00:00,""
158,"Broccoli","1",500,"https://img.rewe-static.de/7073900/27166083_digital-image.png",1,"FRANZISKA","GUI",2020-12-31 00:00:00,2021-01-02 00:00:00,""
159,"Aubergine","4",1,"https://img.rewe-static.de/0465763/24570155_digital-image.png",1,"FRANZISKA","FRANZISKA",2020-12-31 00:00:00,2021-01-02 00:00:00,""
161,"Marshmallows","7",1,"https://encrypted-tbn2.gstatic.com/shopping?q=tbn:ANd9GcQPoZVhhVs_ZrFmicyxp4CGVvOKkshSC1sD2E3Ba6YHRcPr7s5fy5XzkrJp4-ek0IJsZHIlxu4zUMg7YEZGwMZbqNq0HFDuEZO4PosrryKSN3BlWScL72tuog&usqp=CAY",13,"FRANZISKA","FRANZISKA",2020-12-31 00:00:00,2021-01-02 00:00:00,""
191,"Strauchtomate","4",1,"https://www.alimentarium.org/de/system/files/thumbnails/image/AL001-02%20tomate.jpg",1,"CHRISTIAN","FRANZISKA",2021-01-13 00:00:00,2021-02-17 00:00:00,""
192,"Zwiebel","4",,"https://img.rewe-static.de/1041251/27939028_digital-image.png",1,"CHRISTIAN","FRANZISKA",2021-01-13 00:00:00,2021-03-21 00:00:00,""
195,"Creme Fraiche Kräuter","1",200,"https://encrypted-tbn0.gstatic.com/shopping?q=tbn:ANd9GcTRpjrnoqmOtyRd9d5K0eGbkQ6VN81oeMi8yfcyfuimB4Zf3CtJDVWmgBsqdOcmonXY7r5KAiFwigSn5jHe1pySMzkCrdMux9n_4cPmE6rIbmBFsTDdGYDk&usqp=CAY",3,"FRANZISKA","FRANZISKA",2021-01-15 00:00:00,2021-02-26 00:00:00,"Rewe"
204,"Quark","7",1,"https://encrypted-tbn3.gstatic.com/shopping?q=tbn:ANd9GcSoaFJXuj9aa1FZQrMbMYhYaMHCaRL0n3t0fZ-zQtVDC14qrb9zKJC4AFn-8L19khkjxCQ25-wd-4SmnZ80g8tJySepQLpuMFwEFsOcZqES44jfkdwEp_Se&usqp=CAY",3,"FRANZISKA","FRANZISKA",2021-01-23 00:00:00,2021-02-26 00:00:00,"Rewe"
205,"Schnittlauch","21",1,"https://encrypted-tbn1.gstatic.com/shopping?q=tbn:ANd9GcS7KkV75rgvpKUN-hxExGYSx6NM6_jYg-7OnHb_y1uPG4R7oRZbdGt0jG-WBwC6VItoPejAQ6iaVqERNAOBpCmtNQTaWI1H&usqp=CAY",1,"FRANZISKA","FRANZISKA",2021-01-23 00:00:00,2021-03-06 00:00:00,"Rewe"
207,"Grana Padano Parmesan Käse Stückig","7",1,"https://encrypted-tbn1.gstatic.com/shopping?q=tbn:ANd9GcSogYLIvgMZvu_QYXwx5bCoPouPJqEFDFZCaP4hhsi5cUu-N9GQRsri0lOp17BA01-1iO2fnb5G5pLa_NAIIjRAXLQIGPiHhcPmiIeq9hlD1sDdbYGjfxgG&usqp=CAY",11,"FRANZISKA","FRANZISKA",2021-01-23 00:00:00,2021-02-26 00:00:00,"Rewe"
12,"Cini Minis","1",500,"https://img.rewe-static.de/7226144/1933310_digital-image.png?output-quality=75&fit=inside|600:600",8,"Franziska","FRANZISKA",2021-03-06 00:00:00,2021-03-06 00:00:00,""
17,"Zwiebel","2",2,"https://img.rewe-static.de/1041138/21288183_digital-image.png",1,"Franziska","FRANZISKA",2023-01-17 00:00:00,2023-01-17 00:00:00,""
21,"Tortilla","7",1,"https://img.rewe-static.de/1035566/20569013_digital-image.png",7,"Franziska","",,,""
22,"Zitrone","42",1,"https://img.rewe-static.de/1970267/24568900_digital-image.png",1,"Franziska","",,,""
23,"Butterschmalz","7",1,"https://img.rewe-static.de/4530578/6506840_digital-image.png",11,"Franziska","",,,""
25,"Zaziki","7",1,"https://img.rewe-static.de/8090374/29157463_digital-image.png",3,"Franziska","",,,""
27,"Tiefkühlpommes Deluxe","1",600,"https://img.rewe-static.de/1312546/18419130_digital-image.png?resize=152px:152px&output-quality=80&output-format=jpeg",18,"Franziska","",,,""
31,"Kidney Bohnen","7",1,"https://img.rewe-static.de/3068496/28057297_digital-image.png",12,"Franziska","",,,""
32,"Mais","7",1,"https://img.rewe-static.de/4203860/23927977_digital-image.png",12,"Franziska","FRANZISKA",2021-01-22 00:00:00,2021-01-22 00:00:00,""
34,"Mineralwasser","8",6,"https://www.discounter-preisvergleich.de/bilder/produkte/8584/8584_2017-02-10-21-48-39.jpg",20,"Franziska","",,,""
41,"Lauchzwiebel","21",1,"https://www.worldsoffood.de/media/k2/items/cache/7c4ee686c5b4059c14118f7db8a3570e_L.jpg",1,"Franziska","",,,""
43,"Schlagsahne","1",200,"https://img.rewe-static.de/0175935/1753270_digital-image.png",3,"Franziska","FRANZISKA",2023-01-17 00:00:00,2023-01-17 00:00:00,""
44,"Kokosnusscreme","1",400,"https://encrypted-tbn3.gstatic.com/shopping?q=tbn:ANd9GcRJWQjDmGyaXTFkp_IosWsq_lAhQF3_XeiaWWxuCXgiUCBqAGJgl2o6hbjZhDXFjvkFvy0kwEFjKqna2ZlVhyRfLvTJigjmD8j8AqfdX2SCLN1pboryz8CVYw&usqp=CAY",13,"Franziska","",,,""
128,"Brauner Rohrzucker","1",500,"https://img.rewe-static.de/0114381/22861105_digital-image.png",9,"Franziska","FRANZISKA",2020-12-30 00:00:00,2021-01-22 00:00:00,""
130,"Backkakao","1",200,"https://img.rewe-static.de/0960141/20425677_digital-image.png",9,"Franziska","TOBIAS",2020-12-30 00:00:00,2020-12-30 00:00:00,""
133,"Vanille-Saucenpulver","11",3,"https://images-na.ssl-images-amazon.com/images/I/81so3Qji4lL._SX342_.jpg",9,"Franziska","TOBIAS",2020-12-30 00:00:00,2020-12-30 00:00:00,""
134,"Salz","1",500,"https://img.rewe-static.de/7084498/7479290_digital-image.png?resize=152px:152px&output-quality=80&output-format=jpeg",9,"Franziska","FRANZISKA",2020-12-30 00:00:00,2021-01-22 00:00:00,""
200,"Corn Wraps","7",1,"https://encrypted-tbn0.gstatic.com/shopping?q=tbn:ANd9GcTBJTI3W3Q9FZboMfRCrt7OcX715dhkmS62RZ8As8Q5AU3x75c8WG46RGqWmDdvibwuXc9j9xwBq-GcmBr1f89Ujyj_6CiMS4zh7uiIkSRSuBHZvfr_tKO3&usqp=CAY",13,"FRANZISKA","FRANZISKA",2021-01-22 00:00:00,2021-02-26 00:00:00,"Rewe"
160,"Himbeeren (gefroren)","1",500,"https://img.rewe-static.de/7091046/27237609_digital-image.png",18,"FRANZISKA","GUI",2020-12-31 00:00:00,2021-01-02 00:00:00,""
162,"Schokoraspeln","1",200,"https://encrypted-tbn0.gstatic.com/shopping?q=tbn:ANd9GcRvyxARSKNzscd305NQIqkurSfc0CvQY_s5nV4281GMkI0KGGOoqX35tT91-_BEtapWxiDIIhfybworE_Pk2yCKn3vN0ZW5CobN15YqPGaqXiTWq78ThXV2GQ&usqp=CAY",9,"FRANZISKA","FRANZISKA",2020-12-31 00:00:00,2021-01-02 00:00:00,""
163,"Blätterteig","1",1,"https://img.rewe-static.de/0318537/21112591_digital-image.png",2,"FRANZISKA","FRANZISKA",2021-01-01 00:00:00,2021-02-17 00:00:00,""
166,"Knoblauchsoße","12",1,"https://encrypted-tbn0.gstatic.com/shopping?q=tbn:ANd9GcSdGLqDIThym_kmxwZvES5GQZkvMlH61fN4QHqZNnlAD_kKXYWaBH1fsNM02cXDB4YnJ1XTpMx2umqFCY3dQjGUNmJyEukogDZH3Xz_P8FO2sWZ5w4QvbWg&usqp=CAY",12,"FRANZISKA","FRANZISKA",2021-01-02 00:00:00,2021-02-09 00:00:00,""
167,"Semmelbrösel","1",400,"https://encrypted-tbn0.gstatic.com/shopping?q=tbn:ANd9GcSqC7jglbUPNVK4P6m1TH3PL3-k6cdPXpOuj63Awkrc0jvf0_KnyknF-dqS5Yq9iOed-BQkEjECRwUJ1TcBdaBxq9IjDf79GFfNL6mIr3Udi4PFzTiOJgwpdA&usqp=CAY",9,"FRANZISKA","FRANZISKA",2021-01-02 00:00:00,2021-02-09 00:00:00,""
202,"Nimm 2 Lachgummi Apfelringe","7",1,"https://img.rewe-static.de/2374019/23925883_digital-image.png",14,"FRANZISKA","FRANZISKA",2021-01-22 00:00:00,2021-02-26 00:00:00,"Rewe"
208,"Tortellini Proscutto","1",250,"https://encrypted-tbn0.gstatic.com/shopping?q=tbn:ANd9GcTjJqF9Qod1gM4ZoqGGKUX3GzILfrbhQC3BxYLA4tKWxctwVjfI3gfpdHM_1TT2QqMA-gQe9Tf8UHTMKpusBwUuCfvJzO-ldrIqNooGsm8RvE_BwWIxlGVRag&usqp=CAY",2,"FRANZISKA","FRANZISKA",2021-01-24 00:00:00,2021-02-26 00:00:00,"Rewe"
216,"Berliner Mehrfrucht","4",1,"https://img.rewe-static.de/9558608/848280_digital-image.png",7,"FRANZISKA","FRANZISKA",2021-02-09 00:00:00,2021-02-26 00:00:00,"Rewe"
218,"Speisestärke","7",1,"https://encrypted-tbn2.gstatic.com/shopping?q=tbn:ANd9GcTRL8HLLB1J36wGlPNKe5iKMSe8LXyXRv-EDTHXqkT4l8kj0akbz0Nh2F5GdRWwL8TcBE1Yd7jzAOZYjpwaolR4vLUnP2ZGHb5RTx4OK7Bftdz8SsXU4KaYdA&usqp=CAY",10,"FRANZISKA","FRANZISKA",2021-02-16 00:00:00,2021-02-26 00:00:00,"Rewe"
220,"Putenbrust Scheiben","1",100,"https://encrypted-tbn2.gstatic.com/shopping?q=tbn:ANd9GcQUborpIHZWQ6wsem_bu6BRxV3g58y547GMWjAfJ1WAcLb9qttib93o7iA351kqV2iVW639xNFL5u5x0BstP01Sf2yRG3OX1C4ilF_P7lyrG_T9RMWAj-r5&usqp=CAY",2,"FRANZISKA","FRANZISKA",2021-02-19 00:00:00,2021-02-21 00:00:00,"Rewe"
225,"Honig-Senf-Sauce","12",1,"https://encrypted-tbn0.gstatic.com/shopping?q=tbn:ANd9GcRBdjC8r2ynEfo3fh4A1ly4TZLR6Y7zL8imOjtuVwST4PGC1fLfMowg2YanDxag-vT-yPWq6dt7sAxN_aoZe0IQPiITy0ZLkkqGXpTKtj8CdegJs8zDpJxJ&usqp=CAY",12,"FRANZISKA","FRANZISKA",2021-02-21 00:00:00,2021-02-26 00:00:00,"Rewe"
210,"Knödel","7",1,"https://encrypted-tbn1.gstatic.com/shopping?q=tbn:ANd9GcS7Devk-b8bVCIjXsVZHSpiSO1TD01jnAOQ2NZMLneuJ37p-QQB6D_dW8swteVGJVa8u_r9fnTrvaMv8nv1i2eaVbh4b2xSr1RxJyJDwr0c-hGBWrfudvJ4&usqp=CAY",10,"FRANZISKA","FRANZISKA",2021-01-30 00:00:00,2021-02-26 00:00:00,"Rewe"
183,"Lillet Rose","6",1,"https://img.rewe-static.de/1372825/25462798_digital-image.png",15,"FRANZISKA","FRANZISKA",2021-01-02 00:00:00,2021-02-26 00:00:00,""
187,"Spülmaschinensalz","1",1,"https://encrypted-tbn2.gstatic.com/shopping?q=tbn:ANd9GcSn3tUEYBjhXhbquJD_rDdps29_oJu6uaJEjETeRFbWlj_m7ID9kg92mirECY2czg1BCrpi5uXteI0SKllPuycMPPUUQYVy0oJpFMZjwiSrk2shUQGf1fG8&usqp=CAY",16,"IRIS","FRANZISKA",2021-01-06 00:00:00,2021-02-26 00:00:00,""
209,"Wild Berry (Rewe)","6",1,"https://img.rewe-static.de/7186211/27915391_digital-image.png",20,"FRANZISKA","FRANZISKA",2021-01-24 00:00:00,2021-02-27 00:00:00,"Rewe"
206,"Limettensaft","5",150,"https://img.rewe-static.de/8466025/1803830_digital-image.png",20,"FRANZISKA","FRANZISKA",2021-01-23 00:00:00,2021-02-27 00:00:00,"Rewe"
228,"Rinderbrühe","10",1,"https://www.gls-eberlein.de/images/product_images/popup_images/6149_0.JPG",12,"FRANZISKA","FRANZISKA",2021-03-05 00:00:00,2021-03-21 00:00:00,"Rewe"
226,"Schweinemett","1",250,"https://img.rewe-static.de/0929686/28150512_digital-image.png",6,"FRANZISKA","FRANZISKA",2021-02-27 00:00:00,2021-03-21 00:00:00,"Rewe"
227,"Kakao","7",1,"https://img.rewe-static.de/8323936/29883202_digital-image.png",8,"FRANZISKA","FRANZISKA",2021-03-02 00:00:00,2021-03-06 00:00:00,"Rewe"
229,"Portwein","5",250,"http://www.codecheck.info/img/53787119/1",15,"FRANZISKA","FRANZISKA",2021-03-05 00:00:00,2021-03-21 00:00:00,"Rewe"
230,"Biskuit Tortenboden","4",1,"https://img.rewe-static.de/8275402/29317756_digital-image.png",7,"FRANZISKA","FRANZISKA",2021-03-06 00:00:00,2021-03-21 00:00:00,"Rewe"
231,"Erdbeere","1",500,"https://image.gala.de/21743356/t/8C/v10/w1440/r1.7778/-/erdbeeren.jpg",1,"FRANZISKA","FRANZISKA",2021-03-06 00:00:00,2021-03-21 00:00:00,"Rewe"
232,"Sprühsahne","8",1,"https://www.ilando24.de/images/dbimages/artikel_0005579_b_1.jpg",9,"FRANZISKA","FRANZISKA",2021-03-06 00:00:00,2021-03-21 00:00:00,"Rewe"
233,"Tortenguss","7",1,"https://img.rewe-static.de/2006457/21521518_digital-image.png",9,"FRANZISKA","FRANZISKA",2021-03-06 00:00:00,2021-03-21 00:00:00,"Rewe"
234,"Corny Schokoriegel","7",1,"https://src.discounto.de/pics/Angebote/2017-01/1944083/2781611_Corny-Schoko-Banane-6x25g_xxl.jpg",8,"FRANZISKA","FRANZISKA",2021-03-06 00:00:00,2021-03-21 00:00:00,"Rewe"
235,"Meeresfrüchte Schokolade","7",1,"https://img.rewe-static.de/3700500/1619440_digital-image.png",14,"FRANZISKA","FRANZISKA",2021-03-06 00:00:00,2021-03-21 00:00:00,"Rewe"
236,"Eierlikör Rewe Feine Welt","8",1,"https://www.rewe.de/_ts_01603186040008/.imaging/dim/250/250/50-50/dam/rewe-de/produkte-und-services/unsere-marken/rewe-feine-welt/2020-q4/kw45/31147920_rewe-feine-welt-eierlikoer-neu.png",15,"FRANZISKA","FRANZISKA",2021-03-06 00:00:00,2021-03-21 00:00:00,"Rewe"
237,"Wattestäbchen","7",1,"https://i.ebayimg.com/images/g/tswAAOSwTllf~gkk/s-l640.jpg",16,"FRANZISKA","FRANZISKA",2021-03-13 00:00:00,2023-01-17 00:00:00,"Rewe"
238,"Kichererbsen","1",400,"https://img.rewe-static.de/1082265/23328874_digital-image.png",12,"FRANZISKA","FRANZISKA",2021-03-13 00:00:00,2021-04-16 00:00:00,"Rewe"
239,"Frühlingsrollen","7",1,"https://img.rewe-static.de/0267420/23284775_digital-image.png",18,"FRANZISKA","FRANZISKA",2021-03-13 00:00:00,2021-03-21 00:00:00,"Rewe"
240,"Heidelbeeren aus dem Glas","10",1,"https://img.rewe-static.de/0185596/22992713_digital-image.png",12,"FRANZISKA","FRANZISKA",2021-03-13 00:00:00,2021-03-21 00:00:00,"Rewe"
241,"Coriandar","11",1,"https://www.gewuerzkompanie.de/media/teaser/koriander-frisch-gruen.jpg",1,"RAJU","FRANZISKA",2021-03-15 00:00:00,2021-03-21 00:00:00,"https://groceries.asda.com"
244,"Weintrauben","1",500,"",1,"FRANZISKA","FRANZISKA",2021-04-30 00:00:00,2021-04-30 00:00:00,"Rewe"
247,"Hot Dog Würstchen","10",1,"https://img.rewe-static.de/8487975/32170519_digital-image.png?output-quality=60&fit=inside|840:840&background-color=ffffff",12,"FRANZISKA","FRANZISKA",2021-05-22 00:00:00,2025-01-11 00:00:00,"Rewe"
277,"Puderzucker","7",1,"https://m.media-amazon.com/images/I/81V-k20ZpaL._SX385_.jpg",9,"VIOLA","VIOLA",2022-06-24 00:00:00,2022-06-24 00:00:00,""
288,"Pinienkerne, geröstet","7",1,"https://img.rewe-static.de/2325000/23973954_digital-image.png?output-quality=60&fit=inside|840:840&background-color=ffffff",13,"FRANZISKA","FRANZISKA",2023-08-17 00:00:00,2025-01-06 00:00:00,"Rewe"
291,"Mozarella","7",1,"",11,"FRANZISKA","FRANZISKA",2023-10-21 00:00:00,2023-10-21 00:00:00,"Rewe"
302,"Petersilie","21",1,"https://www.mein-schoener-garten.de/sites/mein-schoener-garten.de/files/petersilie-glatt-3637558-blp-shutterstock.jpg",1,"FRANZISKA","FRANZISKA",2025-11-17 00:00:00,2025-11-17 00:00:00,"Rewe"
245,"Mascarpone","1",200,"",11,"FRANZISKA","FRANZISKA",2021-04-30 00:00:00,2021-04-30 00:00:00,"Rewe"
252,"Milchreis","7",1,"",10,"FRANZISKA","FRANZISKA",2021-10-03 00:00:00,2021-10-03 00:00:00,"Rewe"
260,"Salsasauce","4",1,"https://candyshop.ch/images/product_images/info_images/chio-dip-mild-salsa-200ml-no1-0612.jpg",14,"VIOLA","VIOLA",2022-05-25 00:00:00,2022-05-25 00:00:00,""
263,"Pikant","7",1,"https://lebensmittel-versand.eu/media/image/product/49717/md/fuchs-wsspikant-gewuerz-60g.jpg",5,"VIOLA","VIOLA",2022-05-25 00:00:00,2022-05-25 00:00:00,""
273,"Katzenfutter","7",1,"https://www.purina.de/sites/default/files/styles/product_380x380/public/2021-04/07613035614444_C1N1_One-Cat-Chicken-800g-1_43987924_0.png?itok=JnGlAtzF",16,"VIOLA","VIOLA",2022-06-24 00:00:00,2022-06-24 00:00:00,""
284,"Gemüsestäbchen","7",1,"",18,"FRANZISKA","FRANZISKA",2023-03-18 00:00:00,2023-03-18 00:00:00,"Rewe"
296,"Zuckerschote","21",1,"",1,"FRANZISKA","FRANZISKA",2025-01-20 00:00:00,2025-01-20 00:00:00,"Rewe"
300,"Tomatenwürzsalz","41",1,"",5,"FRANZISKA","FRANZISKA",2025-08-04 00:00:00,2025-08-04 00:00:00,"Rewe"
304,"Weizenmehl Typ 00","1",500,"",9,"FRANZISKA","FRANZISKA",2025-11-21 00:00:00,2025-11-21 00:00:00,"Rewe"
243,"Schweinesteak","4",1,"",2,"FRANZISKA","FRANZISKA",2021-04-09 00:00:00,2021-04-09 00:00:00,"Rewe"
246,"Müllbeutel 25l","7",1,"",16,"FRANZISKA","FRANZISKA",2021-05-14 00:00:00,2021-05-14 00:00:00,"Rewe"
249,"Pflaster","7",1,"",16,"FRANZISKA","FRANZISKA",2021-05-29 00:00:00,2021-05-29 00:00:00,"Rewe"
270,"Honigmelone","4",1,"https://img.rewe-static.de/0045783/8613000_digital-image.png",1,"VIOLA","VIOLA",2022-05-27 00:00:00,2022-05-27 00:00:00,""
83,"Ja-Eier","4",10,"https://img.rewe-static.de/7937888/32330762_digital-image.png?output-quality=60&fit=inside|840:840&background-color=ffffff",2,"Franziska","FRANZISKA",2021-01-22 00:00:00,2025-01-06 00:00:00,""
15,"Gouda Stück","4",1,"https://img.rewe-static.de/2597847/26160542_digital-image.png?output-quality=60&fit=inside|840:840&background-color=ffffff",11,"Franziska","FRANZISKA",2021-01-22 00:00:00,2025-01-06 00:00:00,""
242,"Krombacher Pils","9",1,"",20,"FRANZISKA","FRANZISKA",2021-03-27 00:00:00,2021-03-27 00:00:00,"Rewe"
251,"Geramond Käse Scheiben","7",1,"",11,"FRANZISKA","FRANZISKA",2021-10-03 00:00:00,2021-10-03 00:00:00,"Rewe"
254,"Dampfnudeln","7",1,"",2,"FRANZISKA","FRANZISKA",2021-10-03 00:00:00,2021-10-03 00:00:00,"Rewe"
257,"Spargel grün","21",1,"https://image.migros.ch/mo-boxed/v-w-480-h-360/73dd232db7a4d830a4dc0850f0fc91a749386ab2/spargeln-gruen-fein.jpg",1,"VIOLA","VIOLA",2022-05-25 00:00:00,2022-05-25 00:00:00,""
258,"Knorr Kräuterlinge Gartenkräuter","7",1,"https://www.coop.ch/img/produkte/430_430/RGB/3360462_001.jpg?_=1630530287193",5,"VIOLA","VIOLA",2022-05-25 00:00:00,2022-05-25 00:00:00,""
269,"Wassermelone","4",1,"http://barthfruit.ch/custom/images/contentBilder/big/img_0673_wassermelone.jpg",1,"VIOLA","VIOLA",2022-05-27 00:00:00,2022-05-27 00:00:00,""
271,"Balsamicoessig","8",1,"https://karner.it/4138-tm_thickbox_default/balsamicoessig-aus-modena.jpg",5,"VIOLA","VIOLA",2022-06-24 00:00:00,2022-06-24 00:00:00,""
272,"Pinienkerne","7",1,"https://img.rewe-static.de/2325000/23973954_digital-image.png?output-quality=60&fit=inside|840:840&background-color=ffffff",5,"VIOLA","FRANZISKA",2022-06-24 00:00:00,2025-01-06 00:00:00,""
275,"Haferflocken","7",1,"https://www.mahlerundco.ch/4750-large_default/bio-haferflocken-bauck-glutenfrei-grossblatt.jpg",9,"VIOLA","VIOLA",2022-06-24 00:00:00,2022-06-24 00:00:00,""
278,"Katzenstreu","7",1,"https://www.lidl.de/assets/gcpff7051ccc38f414a9eafe90d3d9fe4c5.jpeg",16,"VIOLA","VIOLA",2022-08-09 00:00:00,2022-08-09 00:00:00,""
285,"Linsen","7",1,"",9,"FRANZISKA","FRANZISKA",2023-05-03 00:00:00,2023-05-03 00:00:00,"Rewe"
299,"Kräuterbutter","7",1,"",3,"FRANZISKA","FRANZISKA",2025-05-12 00:00:00,2025-05-12 00:00:00,"Rewe"
303,"Honig","12",1,"https://img.rewe-static.de/1496149/23520895_digital-image.png?imwidth=400&impolicy=kues",8,"FRANZISKA","FRANZISKA",2025-11-17 00:00:00,2025-11-17 00:00:00,"Rewe"
305,"Hokkaido Kürbis","4",1,"https://querbeet.de/ACM/AttachmentLoader?rowguid=F792BD7B-110C-4A48-A745-EC27B18D8E46&width=1200&useOrigFileType=true&allowUpscale=false",1,"FRANZISKA","FRANZISKA",2025-12-09 00:00:00,2025-12-09 00:00:00,"Rewe"
283,"destilliertes Wasser","6",,"",16,"FRANZISKA","FRANZISKA",2023-01-17 00:00:00,2023-01-17 00:00:00,""
294,"Frühlingszwiebeln","21",1,"https://img.rewe-static.de/0482404/31686352_digital-image.png",1,"FRANZISKA","FRANZISKA",2025-01-06 00:00:00,2025-01-06 00:00:00,"Rewe"
298,"Banane","21",1,"https://cs.rewe-static.de/v3/assets/blt085f7ef3068b29af/blt5ef05c594ecaa439/63a1917dce61585927153de4/bananen.png",1,"FRANZISKA","FRANZISKA",2025-01-23 00:00:00,2025-12-09 00:00:00,"Rewe"
306,"Nashi-Birne","4",1,"https://images.t-online.de/2021/09/88421186v2/0x100:1920x1080/fit-in/1920x0/nashi-birnen-im-supermarkt-reife-fruechte-verstroemen-einen-leichten-birnengeruch.jpg",1,"FRANZISKA","FRANZISKA",2025-12-23 00:00:00,2025-12-23 00:00:00,"Rewe"
250,"Paprika Edelsüß","7",1,"https://www.madagascar-fairtrade.com/wp-content/uploads/2018/09/Paprika-Edelsuess-fremd-Spanien-Bio_MG_9501-e1537172830103.jpg",5,"FRANZISKA","VIOLA",2021-08-25 00:00:00,2023-01-24 00:00:00,"Rewe"
253,"Schupfnudeln","7",1,"",2,"FRANZISKA","FRANZISKA",2021-10-03 00:00:00,2021-10-03 00:00:00,"Rewe"
255,"Mikrowellenpopcorn","4",1,"",14,"FRANZISKA","FRANZISKA",2021-11-20 00:00:00,2021-11-20 00:00:00,"Rewe"
261,"Taco Chips","7",1,"https://i.ebayimg.com/images/g/B40AAOSwWNBfdu5u/s-l400.jpg",14,"VIOLA","VIOLA",2022-05-25 00:00:00,2022-05-25 00:00:00,""
264,"Grillkäse","7",1,"https://www.coop.ch/img/produkte/430_430/RGB/3549272_001.jpg?_=1592544037959",11,"VIOLA","VIOLA",2022-05-25 00:00:00,2022-05-25 00:00:00,""
265,"Veggy Würstchen","7",1,"https://www.meica.de/fileadmin/_processed_/f/7/csm_Produktdetailbilder-vegetarische-wuerstchen_2021_888dd6ae17.png",6,"VIOLA","VIOLA",2022-05-25 00:00:00,2022-05-25 00:00:00,""
274,"Hundefutter","7",,"https://shop-cdn-m.mediazs.com/bilder/royal/canin/veterinary/diet/canine/hypoallergenic/5/400/rc_vet_dry_doghypo_mv_eretailkit_1_de_de_5.jpg",16,"VIOLA","VIOLA",2022-06-24 00:00:00,2022-06-24 00:00:00,""
280,"Cantaloupe Melone","4",,"",1,"FRANZISKA","FRANZISKA",2022-12-27 00:00:00,2022-12-27 00:00:00,"Rewe"
282,"Glückskekse","7",1,"",14,"FRANZISKA","FRANZISKA",2022-12-30 00:00:00,2022-12-30 00:00:00,"Rewe"
286,"Parmesan, gerieben","1",100,"https://img.rewe-static.de/8249232/28775648_digital-image.png",11,"FRANZISKA","FRANZISKA",2023-08-17 00:00:00,2025-01-06 00:00:00,"Rewe"
292,"Viveks Product","7",1,"https://cdn.competec.ch/images2/2/0/7/58096702/58096702_xxl.jpg",5,"VIVEK","VIVEK",2022-06-24 00:00:00,2022-06-24 00:00:00,"Viveks Market"
293,"Drumstick","4",1,"https://i.ebayimg.com/images/g/eSgAAOSwgYpdCpFa/s-l960.jpg",1,"VIVEK","VIVEK",2024-01-11 00:00:00,2024-01-11 00:00:00,"Viveks Market"
256,"Emmentaler","1",400,"https://img.rewe-static.de/3025313/25856630_digital-image.png?imwidth=840&impolicy=pdp",11,"FRANZISKA","FRANZISKA",2021-12-03 00:00:00,2025-12-09 00:00:00,"Rewe"
259,"Grillfleisch","2",1,"https://www-leshop-ch-cld-res.cloudinary.com/image/upload/w_480,h_360,d_mo-default-product-detail.png,c_pad,g_center,fl_lossy,b_rgb:fff/f_auto/e_unsharp_mask:100/q_auto/v20220525/prod/catalog/product/product-228286",6,"VIOLA","VIOLA",2022-05-25 00:00:00,2022-05-25 00:00:00,""
262,"Geriebener Käse","7",1,"https://www.discounter-preisvergleich.de/bilder/produkte/8788/8788_2017-10-03-13-29-53.jpg",11,"VIOLA","VIOLA",2022-05-25 00:00:00,2022-05-25 00:00:00,""
267,"Wurstaufschnitt","7",1,"https://www.volgshop.ch/wp-content/uploads/2020/04/553941_Aufschnitt_maxi.png",2,"VIOLA","VIOLA",2022-05-27 00:00:00,2022-05-27 00:00:00,""
268,"Käseaufschnitt","7",1,"https://www.norma-online.de/ext/img/product_zoom/sortiment/vegetarisch/kaeseaufschnitt_wo_210607_1.jpg",11,"VIOLA","VIOLA",2022-05-27 00:00:00,2022-05-27 00:00:00,""
279,"Pfirsisch","7",1,"https://swissmom.az-cdn.ch/__ip/hY4i2y7INp5aAw6mNTcheJ2-3nI=/fit-in/1024x576/27bf901392441ffb212db6667d0622ee0dcd931a",1,"VIOLA","VIOLA",2022-08-09 00:00:00,2022-08-09 00:00:00,""
281,"Chorizo","1",1,"",2,"FRANZISKA","FRANZISKA",2022-12-30 00:00:00,2022-12-30 00:00:00,"Rewe"
287,"Basilikum","21",1,"https://img.rewe-static.de/1045887/12635890_digital-image.png?output-quality=60&fit=inside|840:840&background-color=ffffff",1,"FRANZISKA","FRANZISKA",2023-08-17 00:00:00,2025-01-06 00:00:00,"Rewe"
289,"Lorbeerblätter","7",1,"",5,"FRANZISKA","FRANZISKA",2023-09-13 00:00:00,2023-09-13 00:00:00,"Rewe"
290,"Sellerie","4",1,"https://img.rewe-static.de/8009797/40016918_digital-image.png?output-quality=60&fit=inside|840:840&background-color=ffffff",1,"FRANZISKA","FRANZISKA",2023-09-13 00:00:00,2025-01-11 00:00:00,"Rewe"
297,"Joghurt","5",500,"",3,"FRANZISKA","FRANZISKA",2025-01-23 00:00:00,2025-01-23 00:00:00,"Rewe"
248,"Hot Dog Brötchen","7",1,"",7,"FRANZISKA","FRANZISKA",2021-05-22 00:00:00,2021-05-22 00:00:00,"Rewe"
266,"Galia Melone","4",1,"https://image.migros.ch/mo-boxed/v-w-1000-h-1000/4ef7eeca304ab03e68659573b1586c9666ae0f2e/melone-galia.jpg",1,"VIOLA","VIOLA",2022-05-25 00:00:00,2022-05-25 00:00:00,""
295,"Curry-Paste","10",1,"",13,"FRANZISKA","FRANZISKA",2025-01-20 00:00:00,2025-01-20 00:00:00,"Rewe"
276,"Currypulver","7",1,"https://cdn.competec.ch/images2/2/0/7/58096702/58096702_xxl.jpg",5,"VIOLA","VIOLA",2022-06-24 00:00:00,2022-06-24 00:00:00,""
301,"Rinderfond","10",1,"https://img.rewe-static.de/5719720/20559499_digital-image.png?imwidth=840&impolicy=pdp",12,"TOBIAS","FRANZISKA",2025-11-16 00:00:00,2025-11-17 00:00:00,"Rewe"
