"RECIPE_ID","RECIPE_NAME","RECIPE_IMAGE_URL","CATEGORY_ID","GARNISH_ID","GUIDE","USERNAME","MODIFYING_USER","ITS","UTS"
1,"Lasagne","https://img.chefkoch-cdn.de/rezepte/1112181217260303/bilder/1586838/crop-960x540/lasagne-bolognese.jpg",2,,"Das Gemüse in feine Würfel schneiden und in etwas Sonnenblumenöl scharf anbraten, bis es kleine braune Stellen hat.
Mit 2 EL braunem Zucker kurz karamellisieren.
Anschließend das Gemüse in einer Schüssel zwischen lagern und Hackfleisch anbraten.
Mit einem großen Schluck Wein ablöschen und verkochen lassen, bis nur noch der Boden mit Wein bedeckt ist. Diesen Vorgang beliebig oft wiederholen. Hier ruhig etwas Zeit lassen damit die Soße am Ende nicht zu flüssig wird.
Die Tomaten und passierten Tomaten zur Sauce geben, das Olivenöl, das karamellisierte Gemüse und den Knoblauch hinzufügen. Mit Oregano, Lorbeerblättern, Tomatenmark, Kräutern und etwas Chili Pulver würzen und die Sauce auf mittlerer Hitze ca. eine Stunde köcheln lassen, bis sie dick und sämig wird.
In der Zwischenzeit die Butter für die Bechamelsauce in einem Topf schmelzen, das Mehl dazu geben und mit einem Schneebesen schaumig rühren. Auf mittlerer Hitze solange anrösten, bis das Mehl beginnt braun zu werden. Die KALTE Milch unter ständigem Rühren dazu gießen. Man kann zur Hälfte Gemüsebrühe benutzen um der Soße etwas mehr Geschmack zu geben
Weiterrühren und die Bechamelsauce einmal aufkochen – dann sollte sie eine cremige Konsistenz aufweisen.
Mit 50 Gramm Parmesan, einer Prise Muskatnuss sowie Salz, Pfeffer und Zucker abschmecken.
Die Tomatensauce nach einer Stunde mit Salz, Pfeffer und braunem Zucker abschmecken. Falls sie noch sehr flüssig ist, noch einmal 15 Minuten weiter köcheln lassen.
Eine Schicht der Tomatensauce auf dem Boden einer Auflaufform verteilen. Nun eine Schicht Bechamelsauce darüber verteilen und mit Nudelplatten bedecken. Man kann auch schon Käse zwischen die Schichten packen wenn man möchte.
Diesen Vorgang wiederholen bis die Auflaufform bis zum Rand gefüllt ist, dabei mit einer ordentlichen Schicht Bechamelsauce enden. Die Oberfläche mit dem übrigen geriebenen Käse bestreuen und im Ofen bei 220 Grad Umluft etwa 35 Minuten backen.
Mit einer Gabel überprüfen, ob sich die Nudelplatten leicht durchstechen lassen – dann ist die Lasagne servierfertig.","Franziska","FRANZISKA",2021-03-07 00:00:00,2025-12-23 00:00:00
56,"Adobo-Gewürzmischung","https://imagesvc.meredithcorp.io/v3/mm/image?url=https%3A%2F%2Fimages.media-allrecipes.com%2Fuserphotos%2F1026585.jpg&w=596&h=596&c=sc&poi=face&q=85",21,,"2 tablespoons salt
1 tablespoon paprika
2 teaspoons ground black pepper
1 ½ teaspoons onion powder
1 ½ teaspoons dried oregano
1 ½ teaspoons ground cumin
1 teaspoon garlic powder
1 teaspoon chili powder","Christian","CHRISTIAN",2021-01-13 00:00:00,2021-01-13 00:00:00
61,"Djuvec Reis","https://www.grillkameraden.de/wp-content/uploads/2019/07/Djuvec-Reis-750x450.jpg",3,,"Knoblauch schälen. Zwiebeln schälen. Paprikaschoten waschen und Strunk, Körner sowie Scheidewände entfernen. Tomaten waschen und entkernen. Zwiebeln, Paprikaschoten und Tomaten fein würfeln.
Butter in einer großen Pfanne zerlassen. Das gewürfelte Gemüse etwa 5 Minuten scharf anbraten.
Hitze zurücknehmen. Paprikapulver und Tomatenmark über das Gemüse geben, alles umrühren und 1 bis 2 Minuten weiterbraten.
Knoblauchzehen in die Pfanne pressen.
Reis in die Pfanne geben und mitbraten, bis nur noch wenig Flüssigkeit übrig ist.
Die Reis-Gemüsemischung mit Wasser ablöschen.
Ajvar, Vegeta, Olivenöl, Salz und Pfeffer unterrühren.
Bei niedriger Hitze etwa 10 Minuten zugedeckt köcheln lassen. Gelegentlich umrühren.
Während dieser Zeit die Petersilie waschen, abschütteln und fein schneiden.
Angetaute Erbsen und Petersilie unterrühren.
Etwa 10 Minuten weitergaren, bis der Reis weich ist.
Zum Schluss mit Salz und Pfeffer abschmecken.

2 Knoblauchzehen
2 mittelgroße Gemüsezwiebeln
2 rote Paprikaschoten
2 mittelgroße Tomaten
3 EL Butter
1,5 EL Paprikapulver (scharf oder edelsüß)
4 EL Tomatenmark
300 g weißer Langkornreis
600 ml Wasser
150 g Ajvar
1 EL Vegeta oder gekörnte Gemüsebrühe
3 EL Olivenöl
Salz
Schwarzer Pfeffer aus der Mühle
Einige Stängel Petersilie
150 g Erbsen (TK)","CHRISTIAN","CHRISTIAN",2021-01-18 00:00:00,2021-01-18 00:00:00
66,"Spätzle mit Pfeffersoße","https://i0.wp.com/flavouredwithlove.com/wp-content/uploads/2014/09/dsc099771.jpg?resize=640%2C427",3,,"1 EL	Pfefferkörner, schwarze oder bunte
2 EL	Butter
1 m.-große	Zwiebel(n)
125 ml	Portwein
125 ml	Rinderfond
200 ml	Sahne
Salz zum Abschmecken

Zubereitung

Arbeitszeit ca. 5 Minuten

Koch-/Backzeit ca. 55 Minuten

Gesamtzeit ca. 1 Stunde
Pfefferkörner mit einem Mörser zerstoßen und in der aufschäumenden Butter dünsten. Der Duft wird den Pfefferliebhaber schon schwindelig machen. Zwiebeln fein würfeln, dazugeben und mitdünsten. Wenn die Zwiebeln glasig sind, den Portwein dazugeben und bis zu ca. 1/3 einköcheln lassen. Dann den Fond dazugeben und wieder einköcheln lassen.

Wichtig: Immer mal wieder umrühren, wenn es einmal anbrennt ist es nicht mehr zu genießen!

Zum Schluss die Sahne zugießen und bis zur gewünschten Konsistenz köcheln lassen.

Hinweis: Man kann die Sauce durch ein Sieb geben und pürieren, doch jedem Pfefferfan ist davon abzuraten.","FRANZISKA","FRANZISKA",2021-03-05 00:00:00,2021-03-21 00:00:00
75,"Schoki Soufflé","https://www.einfachbacken.de/sites/einfachbacken.de/files/styles/700_530/public/2018-11/schokokuechlein_mit_fluessigem_kern_62156.jpg?h=4521fff0&itok=F4BD6Fk9",1,,"180	g	Schokolade (dunkel)
1	EL	Butter
4	Stk	Eier
180	ml	Milch
30	g	Speisestärke
2	EL	Staubzucker
Zutaten zum Einfetten der Form
2	EL	Zucker
1	EL	Butter (geschmolzen)
Die Milch in einen Topf geben, Zucker und Schokolade zufügen und aufkochen lassen. Ständig dabei rühren. Die Speisestärke mit dem Eigelb verrühren und nach und nach in dei Schoko-Milch einrühren. Nochmals aufkochen lassen und wieder nebenbei rühren. Nun noch die Butter unterrühren.
Danach den Topf vom Herd nehmen und auskühlen lassen. Währenddessen das Eiklar zu Schnee schlagen und in die abgekühlte Creme unterziehen. Den Ofen vorheizen!
Eine Auflaufform einfetten und mit Zucker ausstreuen. Nun die Masse in die Form geben.
Im vorgeheizten Ofen bei 170°Grad Ober- und Unterhitze ca. 25 Min. backen und anschließend sofort servieren.","VIOLA","VIOLA",2022-06-24 00:00:00,2022-06-24 00:00:00
5,"Flammkuchen Elsässer Art","https://www.einfachbacken.de/sites/einfachbacken.de/files/styles/full_width_tablet_4_3/public/2020-04/flammkuchen.jpg?h=4521fff0&itok=MzvaQAse",2,,"","Franziska","",,
6,"Schokobrownies","https://www.einfachbacken.de/sites/einfachbacken.de/files/styles/full_width_tablet_4_3/public/2018-07/brownies-1_zuschnitt_bearb.png?h=7cece4cc&itok=1odotsoY",1,,"","Franziska","",,
9,"Pfannkuchen","https://image.brigitte.de/11759972/t/RO/v3/w1440/r1/-/pfannkuchen-ohne-ei.jpg",1,,"","Franziska","",,
12,"Tomatenreis mit mediterranem Gemüse","https://image.brigitte.de/11797758/t/Bo/v3/w1440/r1/-/tomatenreis.jpg",3,,"","Franziska","FRANZISKA",2020-12-28 00:00:00,2020-12-28 00:00:00
15,"Knusper-Hähnchenschnitzel","https://heimfrost.de/wp-content/uploads/images/artikel/04202-360x360.jpg",2,,"","Franziska","",,
20,"Nudelauflauf mit Jalapenos","https://i.pinimg.com/originals/98/32/12/983212ee0dcdd07c9e64e4ab3724ef52.png",2,,"","Franziska","",,
23,"Gemischter Salat mit Brot","https://www.unileverfoodsolutions.ch/dam/global-ufs/mcos/dach/calcmenu-recipes/ch-recipes/2019/sandwich-club/sandwich-&-more/gemischter-salat-to-go/main-header.jpg",2,,"","Franziska","",,
24,"Tomatensuppe mit Brot","https://kochwerk.mohoga.com/wp-content/uploads/sites/5/2015/06/DSC_1926.jpg",2,,"1. Tomaten Kreuzförmig einschneiden und min 10min köcheln lassen. Anschließend die Haut abtrennen, den Stumpf entfernen und in Stücke schneiden.
2. Zwiebeln in einem großen Topf mit Olivenöl anbraten.
3. Knoblauch hinzugeben und mit Rotwein ablöschen und reduzieren lassen.
4. Gemüsebrühe, Passierte Tomaten und Tomatenmark hinzugeben. Mit Chili Flocken, Italienischen Kräutern und Oregano würzen.
5. Lorbeerblätter und Nelken (oder gemahlene Nelken) hinzugeben und für etwa 15min köcheln lassen.
6. Das Chiabatta in den vorgeheizten Ofen schieben.
7. Die Lorbeerblätter (und Nelken falls nicht gemahlen) aus der Suppe entfernen.
8. Die Soße pürieren
9. Mit Salz Pfeffer und ggf noch anderen Gewürzen würzen.","Franziska","FRANZISKA",2021-03-21 00:00:00,2023-01-08 00:00:00
32,"Maultaschensuppe","https://ais.kochbar.de/kbrezept/214295_111084/1200x1200/suppe-maultaschensuppe-rezept.jpg",2,,"","Franziska","",,
34,"Ofenkartoffel","https://assets.ichkoche.at/image/17/165124.jpg?v=2&twic=v1/focus=50px50p/cover=992x768",3,,"","Franziska","FRANZISKA",2023-09-13 00:00:00,2023-09-13 00:00:00
41,"Beef Jerky","https://cdn.shop-apotheke.com/images/nu3-beef-jerky-original-D08101311-p4.jpg",1,,"","Franziska","",,
44,"Tortellini mit Sahnesauce","https://www.moms-blog.de/wp-content/uploads/2015/09/tortellini5.jpg",2,,"","Franziska","",,
46,"Gurkensalat","https://herdgefluester.de/wp-content/uploads/2016/05/Gurkensalat-scaled.jpg",3,,"","Franziska","FRANZISKA",2020-12-28 00:00:00,2020-12-28 00:00:00
53,"Crepe","https://assets.tmecosys.com/image/upload/t_web767x639/img/recipe/ras/Assets/39ee5603-5ac4-4420-9563-11ae0ec17b41/Derivates/21ffd62c-8c68-43ac-9593-16c4c09e644d.jpg",1,,"","Franziska","",,
54,"Schokocrossies","https://img.chefkoch-cdn.de/rezepte/1044411209381317/bilder/1169744/crop-960x720/schokocrossies.jpg",1,,"","Franziska","",,
55,"Picadillo","https://www.laurainthekitchen.com/squarethumbnails/picadillo.jpg",2,,"Video-Anleitung: https://www.youtube.com/watch?v=sbcs_buzUjc
Adobo-Gewürzmischung hat ihr eigenes Rezept

1) Preheat a heavy bottomed pot over medium high heat with about a tablespoon of oil, add the beef, break it up as much as possible with a wooden spoon and allow it to cook until fully cooked through.

2) Push the beef to one side, add the remaining tablespoon of oil the other side and add in the onions, peppers and garlic and saute for a few minutes or until they soften and cook down a bit then unite the veggies with the beef and cook together for a couple more minutes.

3) Add all the remaining ingredients along with about 1/2 cup of water, bring to a boil then reduce the heat to medium low, cover and allow to simmer for about a half an hour.

4) When ready to serve, adjust the seasoning to taste and serve over fluffy white rice with a scattering of cilantro all over the top.
DEUTSCH:
1) Hackfleisch fein / klein anbraten (in Olivenöl)
2) Paprika, Zwiebeln und Knoblauch in einer Hälfte der Pfanne ein paar Minuten sautieren (das Hack bleibt in der anderen Hälfte), dann alles vermischen und ein paar Minuten weiterkochen.
3) restliche Zutaten hinzufügen - auch Gewürze (Wasser nur wenn man ganze Tomaten gekauft hat statt ner Dose), zum Kochen bringen, danach Hitze runter und ne halbe Stunde köcheln lassen
4) Würzung anpassen, Reis empfiehlt sich als Beilage

Grundmengen (Achtung - Idioteneinheiten)
1 lb of Ground Beef
1 Small Yellow Onion, diced
1/2 of a Green Bell Pepper, diced
2 Cloves of Garlic, minced
2 Tbsp of Olive Oil
3 Tbsp of Dark Raisins
3 Tbsp of Chopped pimento stuffed Olives + 2 Tbsp of The brine
1 15oz can of Petite Diced Tomatoes in Sauce
1/2 tsp of Adobo plus more to taste
1/2 tsp of Cumin","Christian","",,
57,"Vaavishkaa","https://video-images.vice.com/articles/5c8150cb98f7010007f12cec/lede/1553177068078-Beef_Egg_Stew_14.jpeg?crop=1xw:0.8547008547008547xh;center,center&resize=500:*",2,,"https://www.youtube.com/watch?v=yVIEORs21qo

1 pound ground beef
1 medium onion, finely chopped
1 ¾ cups cold water
1 teaspoon turmeric
½ teaspoon black pepper
4 tomatoes
2 tablespoons tomato puree
¼ teaspoon cayenne pepper
1 teaspoon sea salt
2 tablespoons sunflower oil
2 medium eggs
2 spring onions, trimmed and finely chopped, to garnish

1. Place the meat and onions in a saucepan and pour in the cold water. Add the turmeric and pepper and stir well. Place a lid on the pan and simmer for 20 minutes over a low heat.
2. Meanwhile, skin the tomatoes by scoring the skins with a sharp knife a few times and placing them in a bowl of just boiled water for about a minute. Drain well, then rub off the skin. Cut the tomatoes in half, remove and discard the seeds, then cut into small dice.
3. Add the diced tomato to the pan, along with the tomato puree, cayenne, and salt, followed by the oil. Simmer with the lid on for another 15 minutes, stirring occasionally, and then cook for 5 minutes with the lid off until the sauce has the consistency of a thick ragu.
4. Crack the eggs into the pan and leave to set for a minute. Gently run a wooden spoon through the yolks a few times. Don’t mix too much, as you want to have chunks of egg in the final dish, not scrambled eggs. Place a lid on until the eggs are set and then taste to adjust the seasoning.
5. Serve with the spring onions sprinkled on top.","Christian","CHRISTIAN",2021-01-13 00:00:00,2021-01-13 00:00:00
59,"Salami-Käse Sandwich","https://i.imgur.com/RoBukfl.png",2,,"Zutaten für 1 Sandwich: 
Einen Becher geriebenen Cheddar (Kann variieren je nach Größe des Brotes)
~2.Scheiben Salami
~1.Gurke
~1. Teelöffel Dijon Senf (Normaler Senf ist auch okay, aber schlechter)
- Einen Spritzer scharfe Soße
- Ein wenig Butter ( Wird für das toasten gebraucht. Öl ist nicht empfehlenswert, da das Sandwich zu ölig werden kann)

1) Käse, Salami und Gurke klein schneiden und mit dem Senf und der scharfen Soße in einer Schüssel miteinander mischen.
2) Einen Toast auf Medium in der Pfanne toasten. 
3) Die Masse auf dem Toast, dass in der Pfanne noch am toasten ist, drauf schmieren.
4) Den 2. Toast auflegen ( Dabei muss die Butter auf die Außenseite liegen!)
5.) Mit einem Pfannenwender o.ä umdrehen, bis beide Seiten Goldbraun sind.
DONE!","JOVAN","FRANZISKA",2021-01-13 00:00:00,2021-01-13 00:00:00
7,"Waffeln","https://www.einfachbacken.de/sites/einfachbacken.de/files/styles/full_width_tablet_4_3/public/2019-03/waffelteig_grundrezept-1_bearb.jpg?h=a1e1a043&itok=tHz61G-C",1,,"","Franziska","",,
10,"Pizzabrötchen","https://img.chefkoch-cdn.de/rezepte/194031082643453/bilder/879874/crop-360x240/pizzabroetchen.jpg",2,,"","Franziska","",,
13,"Süßkartoffel-Karotten-Suppe","https://www.zaubertopf.de/wp-content/uploads/2020/01/S%C3%BC%C3%9Fkartoffel-Suppe-mit-Karotten-und-ger%C3%B6steten-Mandeln_11350-scaled.jpg",2,,"","Franziska","",,
14,"Schweineschnitzel","https://cdn.gutekueche.de/upload/rezept/8466/schweineschnitzel.jpg",2,,"","Franziska","",,
17,"Spätzle-Gemüsepfanne","https://img.chefkoch-cdn.de/rezepte/720871174834131/bilder/119188/crop-960x720/gemuesepfanne-mit-spaetzle.jpg",3,,"","Franziska","",,
19,"Bruschetta","https://img.chefkoch-cdn.de/rezepte/761431178875412/bilder/394631/crop-960x720/bruschetta-mit-tomaten-und-knoblauch.jpg",3,,"","Franziska","FRANZISKA",2020-12-28 00:00:00,2020-12-28 00:00:00
22,"Enchiladas mit Hühnchen","https://img.chefkoch-cdn.de/rezepte/925921197897680/bilder/111612/fit-960x720/enchilada-verdura.jpg",2,,"","Franziska","FRANZISKA",2021-03-21 00:00:00,2021-03-21 00:00:00
26,"Bauerntopf","https://img.chefkoch-cdn.de/rezepte/704971173108334/bilder/890592/crop-360x240/bauerntopf.jpg",2,,"","Franziska","FRANZISKA",2021-03-21 00:00:00,2021-03-21 00:00:00
27,"Nudeln mit Bolognese (selbst gemacht)","https://www.zaubertopf-club.de/files/styles/mainimage_share/public/images/recipes/2017/50/spaghetti_bolognese.jpg?itok=Owsoy8Xc",2,,"","Franziska","",,
28,"Aubergine Curry ( Indian dish )","https://www.edeka.de/media/01-rezeptbilder/rezeptbilder-i-p/rez-edeka-pakistanisches-auberginencurry-rezept-i-p-1-1-2.jpg",2,,"List of Ingredients ( for portion of 2 ):
4 Aubergine
2 spoon of olive oil
1 medium Onion ( sliced is fine )
Garlic 
black mustard seeds
Clove
Turmeric
Coriandar
cumin
1 Tomato
1 spoon of garam masala
Peanut (must! )
Enjoy with chapati

Tip : One can crush Peanuts, Turmeric, Onion, Garlic and Clove in a mixture!

Steps to make Aubergine Curry:-

1. Heat a pan over a medium-high heat and put couple of spoon of olive oil. Let the oil heat for couple of mins. Then add mustard seeds as they begin to pop.
2. Add chopped onion - Onion should turn brown and then put salt and mix it.
3. Add Tomato and continue mixing the Onion and Tomato, continue mixing till oil gets seperate from it.
4. Now add Garlic, Ginger paste or add the full  mixture which mentioned in ingredient list for around 3-4 mins in a medium heat.
   ( add red chilli powder to make look like red hot ;-) )
5. Add the diced aubergine along with the cumin and coriander powder. Keep stiring it.
6. Finally add 200mls of water and simmer for 12-15 minutes over a low heat with the lid on.
7. Make sure to garnish with coriander (must!)

Fun fact: Mukesh Ambani - Asia's top richest and world 10th richest person once told which is one thing that you can eat daily. 
His answer was anything made up of Aubergine and esp Aubergine Curry!!!","Franziska","FRANZISKA",2021-01-02 00:00:00,2021-03-21 00:00:00
29,"Chili con Carne","https://www.kuechengoetter.de/uploads/media/960x960/07/61557-chili-con-carne-rezept.jpg?v=3-36",2,,"","Franziska","",,
30,"Schweinefilet in Speckmantel","https://ais.kochbar.de/kbrezept/293086_1010058/1200x1200/schweinefilet-in-alufolie-im-backofen-rezept-bild-nr-2.jpg",2,,"","Franziska","",,
31,"Maultaschen-Gemüsepfanne","https://img.chefkoch-cdn.de/rezepte/1771271287128249/bilder/793686/crop-360x240/maultaschen-gemuese-pfanne.jpg",2,,"","Franziska","",,
35,"Süßkartoffel-Ofenkartoffel","https://www.foodtempel.de/wp-content/uploads/2020/01/S%C3%BC%C3%9Fkartoffel-gef%C3%BCllt.jpg",2,,"","Franziska","",,
38,"Burger","https://ais.kochbar.de/vms/5ced0e371d90da128862f2c2/1200x1200/burger.jpg",2,,"","Franziska","",,
39,"Frikadellen","https://img.chefkoch-cdn.de/rezepte/108081045389625/bilder/1110842/crop-960x720/schwaebische-frikadellen.jpg",2,,"","Franziska","",,
45,"Chickenwings (fertig gewürzt)","https://www.zaubertopf.de/wp-content/uploads/2020/02/chicken-wings-thermomix-shutterstock_465668816.jpg",2,,"","Franziska","",,
47,"Nudelsalat (Fleischwurst und Gurken)","https://assets.tmecosys.com/image/upload/t_web767x639/img/recipe/vimdb/259029.jpg",3,,"","Franziska","FRANZISKA",2020-12-28 00:00:00,2020-12-28 00:00:00
49,"Knödel","https://www.ndr.de/ratgeber/kochen/warenkunde/kloesse120_v-contentgross.jpg",3,,"","Franziska","",,
50,"Bratkartoffeln","https://image.essen-und-trinken.de/11848908/t/HN/v8/w1440/r1/-/bratkartoffeln-aus-pellkartoffeln-0b6b8b4c3273dfdf072b69bdfb0e7d8e-fjt2008110761-jpg--17250-.jpg",3,,"","Franziska","FRANZISKA",2020-12-28 00:00:00,2020-12-28 00:00:00
62,"Reispfanne","https://i.rewe-static.de/rezepte/rewe-de/rezepte-und-gesund-geniessen/rezepte/7-zutaten-gerichte/paprikapfanne-hackfleisch/paprikapfanne-hackfleisch_rdk-rds_rv_320.jpg",2,,"","FRANZISKA","FRANZISKA",2021-02-04 00:00:00,2021-02-04 00:00:00
60,"Shakshuka (tunesisch, vegetarisch)","https://upload.wikimedia.org/wikipedia/commons/thumb/1/18/Shakshuka_by_Calliopejen1.jpg/1920px-Shakshuka_by_Calliopejen1.jpg",2,,"https://www.youtube.com/watch?v=pf3If_Qfyd4
- 3 Tomatoes
- 1 Medium Onion
- 1 Bell Pepper 
- 1 Tbsp Tomatoe Paste
- 1 tsp Harissa, 
- 3 Cloves Garlic, Minced 
- 1 Tsp Ground Coriander 
- 1/2 Tsp Ground Caraway (Kümmel)
- 1 Tsp Paprika
- 1 Tsp Onion Powder
- Salt and pepper to taste
 -4 Eggs

Gemüse Würfeln.
Zwiebeln anbraten (so 5 Minuten). Dann Paprika + Tomaten + Gewürze hinzufügen, 1-2 Minuten weiterbraten.
Dann Tomatenmark + Harissa + Knoblauch hinzufügen und gut umrühren, so dass das Gemüse gleichmäßig umhüllt ist.
Das ganze so 10 Minuten köcheln lassen. Danach kochendes Wasser hinzufügen, gerade so viel dass das Gemüse bedeckt ist.
Noch mal 15 Minuten köcheln/reduzieren. Wenn es genug reduziert wurde ""Löcher"" in die Masse machen (bis zum Pfannenboden) und da die Eier rein.
Eier stocken lassen wie lange man will (Min. 5 Minuten / bis das Eiweis hart ist).","CHRISTIAN","CHRISTIAN",2021-01-13 00:00:00,2021-01-18 00:00:00
64,"Belegtes Baguette","https://www.lecker.de/assets/field/image/belegte-baguettes-b.jpg",3,,"","FRANZISKA","FRANZISKA",2021-02-19 00:00:00,2021-02-19 00:00:00
67,"Kichererbsencurry","https://kochkarussell.com/wp-content/uploads/2017/04/Kichererbsen-Curry-mit-Kokosmilch-5.jpg",2,,"Gericht: Hauptgericht
Land & Region: Deutsch
Keyword: Curry, Kichererbsen, Kokosmilch
Vorbereitungszeit: 10 Minuten
Zubereitungszeit: 20 Minuten
Portionen: 4
Kalorien: 253kcal
Zutaten
1 EL Kokosöl*
1 Dose Kichererbsen (400g)
400 g gehackte Tomaten
200 ml Kokosmilch*
1 mittlere Zwiebel
2 mittlere Knoblauchzehen, feingehackt
3 TL Curry*
2 TL Garam Masala*
1/2 TL Cayennepfeffer*
Salz und Pfeffer
Reis als Beilage
Anleitungen
Das Kokosöl in einer großen Pfanne erhitzen. Anschließend den feingehackten Knoblauch und die geschnittene Zwiebel hinzufügen und etwa 2-3 Minuten anbraten lassen.
Jetzt die gehackten Tomaten und die Kokosmilch hinzufügen. Das ganze kurz aufkochen lassen und anschließend die abgetropften Kichererbsen hinzugeben.
Die Kichererbsen nun für 10 Minuten köcheln lassen.
Danach die Gewürze (Curry, Garam Masala, Cayennepfeffer, Salz und Pfeffer) hinzufügen und 3-5 Minuten weiter köcheln lassen.
Zum Schluss nochmal mit Salz und Pfeffer abschmecken und dann das Gericht mit dem Reis servieren.","FRANZISKA","FRANZISKA",2021-03-13 00:00:00,2021-03-21 00:00:00
58,"Raclette","https://media.kaufland.com/images/PPIM/AP_Content_1010/std.lang.all/90/14/Asset_819014.jpg",2,,"","TOBIAS","TOBIAS",2020-12-30 00:00:00,2020-12-30 00:00:00
2,"Nudeln mit Bolognese (fertig)","https://img.rewe-static.de/8355607/30279544_digital-image.png",2,,"","Franziska","FRANZISKA",2021-03-21 00:00:00,2021-03-21 00:00:00
63,"Spätzle mit Rahmsoße","https://image.jimcdn.com/app/cms/image/transf/dimension=1920x1024:format=jpg/path/s1de08a80c538a39f/image/i2892ee5e4a6640c1/version/1518422387/sp%C3%A4tzle-topf-vegetarisch-mit-filet-nach-h%C3%BChnchenart-thermomix-vegan-m%C3%B6glich.jpg",3,,"","FRANZISKA","FRANZISKA",2021-02-12 00:00:00,2021-02-14 00:00:00
65,"Kartoffelsuppe mit Würstchen","https://img.chefkoch-cdn.de/rezepte/2560141400735209/bilder/695122/crop-960x540/haehnchencurry-mit-reis.jpg",,,"","FRANZISKA","FRANZISKA",2021-03-05 00:00:00,2021-03-21 00:00:00
68,"Peking Suppe","https://img.chefkoch-cdn.de/rezepte/1038391208936958/bilder/863554/crop-960x640/pekingsuppe.jpg",2,,"","FRANZISKA","FRANZISKA",2021-04-02 00:00:00,2021-04-02 00:00:00
69,"Gnocchiauflauf mit Tomatensauce","",2,,"","nobody","FRANZISKA",2021-04-04 00:00:00,2021-06-01 00:00:00
70,"Trauben Cookie Nachtisch","",1,,"","FRANZISKA","FRANZISKA",2021-04-30 00:00:00,2021-04-30 00:00:00
74,"Haferflocken Puffer","https://www.100affen.de/rezept-bilder/1058/conversions/4245-big.jpg",3,,"1 Karotte schälen und zerkleinern, dann in den Mixer.
25gr Haferflocken, 1 Ei, 1gr Currypulver, Salz und Gewürze nach Wahl vermischen. Bei Bedarf etwas Käse. 

Haferpuffer braten und fertig. (ca 6 Puffer)","VIOLA","VIOLA",2022-06-24 00:00:00,2022-06-24 00:00:00
76,"Schokomuffins mit flüssigem Kern","https://cdn.gutekueche.de/upload/rezept/4055/schokoladen-toertchen-mit-fluessigem-kern.jpg",1,,"Für die Schoko-Muffins mit flüssigem Kern zunächst den Backofen auf 200 °C Ober- und Unterhitze (180 °C Umluft) vorheizen und eine Muffinform mit Papierförmchen auslegen oder mit etwas Butter einfetten.
Dann die Butter, den Zucker und das Ei in einer Rührschüssel schaumig rühren.
Nun das Mehl, das Back- und das Kakaopulver separat vermengen und schließlich zu der Zucker-Masse geben. Alles kräftig verrühren, so dass ein homogener Teig entsteht.
Jetzt die Schokolade in 12 Stücke teilen. Die Hälfte der Förmchen mit dem Teig befüllen, ein Stück Schokolade daraufgeben und mit dem Rest des Teiges abdecken.
Die Muffins danach im heißen Backofen für ca. 15 Minuten backen. Anschließend kurz abkühlen lassen und noch warm genießen.","VIOLA","VIOLA",2022-08-09 00:00:00,2022-08-09 00:00:00
77,"Jägerpfanne","https://www.koch-mit.de/app/uploads/2020/01/jaegerpfanne.jpg",2,,"Schritt 1
Die Spätzle in einen Topf mit ausreichend Salzwasser geben und nach Packungsanweisung 12 Minuten. Währenddessen die Champignons putzen, am unteren Strunk ein Stück entfernen und dann in Scheiben schneiden. Die Cocktailtomaten waschen und halbieren. Die Zwiebel und die Knoblauchzehen schälen und in feine Würfel schneiden.

Schritt 2
Die Schweinelende waschen und trocken tupfen. Anschließend die letzten Sehnen und Fettreste mit einem scharfen Messer entfernen. Die Lende dann in 2 cm breite Stücke schneiden.

Schritt 3
Etwas Öl in einer Pfanne erhitzen. Das Fleisch nun in die Pfanne geben und für insgesamt 4 Minuten braten. Nach 2 Minuten die Medaillons wenden.

Schritt 4
Das Fleisch herausnehmen, wenn es durch ist, mit Salz und Pfeffer würzen und kurz beiseite stellen. Die Zwiebel und die Knoblauchzehen in die Pfanne geben und kurz andünsten. Die Champignons hinzugeben und mitdünsten. Anschließend die Sahne dazu gießen und kurz aufkochen lassen. Die Kartoffelstärke in etwas Wasser lösen und damit die Sauce andicken, anschließend mit Salz und Pfeffer würzen.

Schritt 5
Die fertigen Spätzle abschütten und zusammen mit den Schweinemedaillons in die Pfanne geben. Alles miteinander vermischen und die Cocktailtomaten dazugeben. Ein letztes Mal mit Salz und Pfeffer abschmecken, mit Petersilie dekorieren und servieren.","VIOLA","VIOLA",2022-08-31 00:00:00,2022-08-31 00:00:00
80,"Linsensuppe mit Wurst","",2,,"Möhre, Sellerie und Lauch in klitzekleine Würfel schneiden. Die Kartoffeln in Würfel mit einer Kantenlänge nicht über 5 mm schneiden.

Die Linsen waschen, abtropfen lassen und mit der Gemüsebrühe 30 Minuten köcheln lassen.

In einem zweiten Topf die Butter schmelzen und das Gemüse mit den Kartoffeln kurz anschwitzen. Mit der Rinderbrühe ablöschen und 5 Minuten köcheln lassen. Die Linsen dazugeben und alles gut mischen. Mit Essig abschmecken.

Petersilie oder Schnittlauch fein hacken und die gefüllten Teller damit garnieren.

Dies ist eine feine Variante für den Wochenanfang, wenn man am Wochenende viel Fleisch verzehrt hat.

Deftiger, aber auch kalorienreicher wird die Suppe durch Zugabe von klein geschnittenem Bauchspeck oder geräucherten Mettenden.","FRANZISKA","FRANZISKA",2023-05-03 00:00:00,2023-05-03 00:00:00
82,"Kartoffelsuppe","https://www.familienkost.de/images/omas-kartoffelsuppe.jpg",2,,"1. Putze zuerst das Suppengemüse und schäle die Kartoffeln und die Zwiebel oder den
Lauch. Würfle alles fein.
2. Nun brätst du in einem großen Topf deine Zwiebel oder den Lauch in etwas Olivenöl
glasig an. Wenn du möchtest, kannst du an dieser Stelle auch Schinkenwürfel oder
Speck mitbraten.
3. Anschließend gibst du das Suppengemüse und die Kartoffeln hinzu und gießt soviel
Wasser auf, dass alles gut bedeckt ist. Gib die beiden Lorbeerblätter und das
 1 / 2
Ein Rezept von Familienkost.de
© Jenny Böhme
https://www.familienkost.de
Gemüsebrühpulver hinzu und lass alles ca. 15 min köcheln.
4. Wenn die Kartoffeln weich sind, entfernst du die Lorbeerblätter wieder und pürierst alles
zu einer feinen sämigen Kartoffelnsuppe.
5. Zum Schluss kannst du noch die Creme Fraiche unterziehen und die Suppe nach
Belieben abschmecken.","FRANZISKA","FRANZISKA",2023-09-13 00:00:00,2023-09-13 00:00:00
83,"Tomate & Mozarella Salat","",3,,"","FRANZISKA","FRANZISKA",2023-10-21 00:00:00,2023-10-21 00:00:00
85,"Käsespätzle selbst gemacht","",2,,"","FRANZISKA","FRANZISKA",2023-12-30 00:00:00,2023-12-30 00:00:00
86,"Mie Nudeln mit Hähnchen","https://c.rewe-static.de/44075381/2/44075381.png?impolicy=rds&im=Resize,width=1480",2,,"","FRANZISKA","FRANZISKA",2024-01-26 00:00:00,2025-01-11 00:00:00
90,"Ofengemüse mit Kartoffeln","https://verzuckertbyolly.de/wp-content/uploads/2025/04/Ofengemuese-mit-Kartoffeln-1354.jpg",2,,"","FRANZISKA","FRANZISKA",2025-10-31 00:00:00,2025-10-31 00:00:00
91,"Hackbraten mit Ofengemüse","https://c.rewe-static.de/44574061/2/44574061.png?impolicy=rds&im=Resize,width=1480",2,,"Brötchen einweichen:
Brötchen in kleine Stücke schneiden, mit Milch übergießen, 10 Minuten ziehen lassen.

Zwiebeln anbraten:
Zwiebeln in etwas Öl glasig braten, Knoblauch kurz am Ende dazugeben.

Masse mischen:

Hackfleisch

eingeweichtes Brötchen

Zwiebel-Knoblauch

Ei

Senf

Paprikapulver, Salz, Pfeffer

(Optional Worcestersauce + Petersilie)

Alles gründlich von Hand verkneten.

Hackbraten formen:
Ein längliches Brot formen. Nicht zu fest drücken, sonst wird er trocken.

Backen:

Ofen: 180°C Ober-/Unterhitze

Form einfetten oder Backpapier

Hackbraten hineinsetzen

40–50 Minuten backen

Tipp: Alle 15 Minuten mit etwas Brühe übergießen, damit er saftiger bleibt.","TOBIAS","FRANZISKA",2025-11-16 00:00:00,2025-11-17 00:00:00
3,"Überbackene Käse-Schinken-Brötchen","https://www.daskochrezept.de/sites/daskochrezept.de/files/styles/full_width_2_teaser_tablet_4_3/public/rezepte/2008/8/Ueberbackene-Kaese-Schinken-Broetchen-48a73fcf59069.jpg?h=adbb760b&itok=_D1puFy-",2,,"","Franziska","FRANZISKA",2021-03-21 00:00:00,2021-12-03 00:00:00
4,"Pizza","https://www.koch-mit.de/app/uploads/2020/02/pizzatitel-300x169.jpg",2,,"","Franziska","",,
8,"Kartoffelpuffer","https://img.chefkoch-cdn.de/rezepte/459831139066902/bilder/1218906/crop-360x240/kartoffelpuffer-sehr-einfach.jpg",3,,"","Franziska","FRANZISKA",2020-12-28 00:00:00,2020-12-28 00:00:00
11,"Gebratene Asia-Nudeln","https://elavegan.com/wp-content/uploads/2020/10/eating-vegetable-stir-fry-noodles-with-chopsticks.jpg",3,,"","Franziska","FRANZISKA",2020-12-28 00:00:00,2020-12-28 00:00:00
16,"Gnocchi-Gemüsepfanne","https://i.rewe-static.de/rezepte/rewe-de/rezepte-und-gesund-geniessen/rezepte/kochen-mit-fuer-kinder/mittagessen-fuer-kinder/tortellini-pfanne-buntes-gemuese/tortellini-pfanne-mit-buntem-gemuese_rdk-rds_rv_hd.jpg",2,,"","Franziska","FRANZISKA",2021-02-27 00:00:00,2021-02-27 00:00:00
18,"Käsespätzle","https://www.tegut.com/fileadmin/tegut_upload/Rezepte/Kaesespaetzle-Roestzwiebel-1920x1080.jpg",2,,"","Franziska","",,
21,"Enchiladas mit Hackfleisch","https://img.chefkoch-cdn.de/rezepte/925921197897680/bilder/111612/fit-960x720/enchilada-verdura.jpg",2,,"","Franziska","FRANZISKA",2020-12-28 00:00:00,2021-03-21 00:00:00
25,"Hähnchencurry","https://img.chefkoch-cdn.de/rezepte/2560141400735209/bilder/695122/crop-960x540/haehnchencurry-mit-reis.jpg",2,,"","Franziska","FRANZISKA",2021-03-21 00:00:00,2021-03-21 00:00:00
33,"Gyros mit Zaziki","https://image.essen-und-trinken.de/11916060/t/Da/v8/w1440/r1/-/gyros-geschnetzeltes-7925bf09f87fc79eaed6125f5742856b-fjt2012051041-jpg--5645-.jpg",2,,"","Franziska","",,
36,"Pommes (selbst gemacht)","https://lydiasfoodblog.de/wp-content/uploads/2019/04/20180717_141642-01-01.jpeg",3,,"","Franziska","",,
37,"Currywurst","https://dierezepte.com/wp-content/uploads/2019/10/Currywurst.jpg",2,,"","Franziska","",,
40,"Roulade","https://ais.kochbar.de/kbrezept/537316_1010866/1200x1200/rouladen-vom-rind-oberschale-rezept-bild-nr-8313.jpg",2,,"","Franziska","FRANZISKA",2021-03-21 00:00:00,2021-03-21 00:00:00
42,"Nudelauflauf (Sahnesauce)","https://cdn.gutekueche.de/upload/rezept/758/1600x1200_einfacher-nudelauflauf.jpg",2,,"","Franziska","",,
43,"Mexikostangen","https://www.panobake.de/wp-content/uploads/2020/03/02703.jpg",3,,"","Franziska","",,
48,"Eingelegter Fetakäse","https://www.smarticular.net/wp-content/uploads/2018/07/veganen-feta-einlegen-3.jpg",3,,"","Franziska","FRANZISKA",2020-12-28 00:00:00,2020-12-28 00:00:00
51,"Taccosalat","https://i.pinimg.com/236x/5c/5c/1f/5c5c1f8186789e832549caf37eb0b227--salat-tacos-tacco-salat.jpg",3,,"","Franziska","",,
52,"Hot Dog","https://images.lecker.de/hot-dog-baguette-F6196003,id=137ca8c8,b=lecker,w=610,cg=c.jpg",2,,"","Franziska","",,
71,"Schweinefilet paniert","",2,,"","FRANZISKA","FRANZISKA",2021-11-01 00:00:00,2021-11-01 00:00:00
72,"Spargel Cordon Bleu mit Kartoffelwürfeln","https://img.chefkoch-cdn.de/rezepte/603041160049646/bilder/579395/crop-960x720/spargel-cordon-bleu-a-la-moziwis.jpg",2,,"Spargel kochen 
Kartoffeln würfeln und anbraten 
Spargel mit Käse und schinken einrollen
Spargelrollen in Mehl, Ei und Parniermehl einlegen
Creme Fraiche mit Knobi , Schnittlauch und Gartenkräutern vermischen.
Spargel braten und fertig :)","VIOLA","VIOLA",2022-05-25 00:00:00,2022-05-27 00:00:00
73,"Gurken-Apfel-Feldsalat","https://images.eatsmarter.de/sites/default/files/styles/1600x1200/public/feldsalat-mit-apfel-und-kaese-103687.jpg",3,,"Feldsalat waschen. 

1,5 Äpfel und Gurke in Würfel schneiden. Dann in den Mixer zerkleinern. 
1,5 Esslöffel Olivenöl, 1 Esslöffel Balsamicoessig, 1 Esslöffel Senf, Prise Salz und bei Bedarf Pfeffer unterrühren.
Pinienkerne rösten.
Den letzten Halben Apfel in kleine Scheiben schneiden und zusammen mit den Pinienkernen den Salat damit dekorieren.","VIOLA","VIOLA",2022-06-24 00:00:00,2022-06-24 00:00:00
78,"Morzarella Pommes Sticks","https://images.eatsmarter.de/sites/default/files/styles/max_size/public/frittierte-kaese-kartoffel-sticks-447900.jpg",3,,"2-3 grosse Kartoffeln 
70gr Speisestärke
Öl zum frittieren 
2 Hände geriebener Morzarella

Kartoffeln Schälen und in Würfel schneiden.
Weich kochen , abgiessen und zu Brei zermalmen. 
Mit stärke und geriebenem Käse vermischen, salzen und Teig ausrollen. 
In Sticks schneiden und frittieren","VIOLA","VIOLA",2023-01-24 00:00:00,2023-01-24 00:00:00
79,"Cremige Parmesan Spaghetti","https://www.thisisnotdietfood.com/wp-content/uploads/2019/11/instantpotspaghettiwithricotta-12-of-12-min.jpg",2,,"150gr Parmesan 
3 Eigelb 
Paprikagewürz
Knoblauch 
etwas passierte Tomaten 
200gr Spaghetti
Olivenöl

Eigelb mit Parmesan und Paprika vermischen. 
Knobi zerkleinern und im Olivenöl anbraten. 
Passierte Tomaten hinzufügen 
etwas köcheln und Spaghetti zugeben. Dann die Eiermischung untermischen und fertig","VIOLA","VIOLA",2023-01-24 00:00:00,2023-01-24 00:00:00
81,"Linguine mit Zitrone, Feta und Basilikum (Alex)","https://dishes-delicious.de/wp-content/uploads/2018/07/Pasta-al-Limone.jpg",2,,"300 g getrocknete Nudeln oder 500g frische
4 EL Olivenöl
50 g Parmesan
Handvoll Basilikum
200 g Feta (zerkrümelt)
Salz, Pfeffer
1 Bio-Zitrone (Saft und abgeriebene Schale)
2 EL geröstete Pinienkerne


Die frischen Nudeln 2 Minuten in reichlich kochendes Salzwasser geben. (Falls Sie getrocknete wählen, nach Packungsanleitung al dente garen). In ein Sieb geben und dabei etwa 2 EL Kochwasser im Topf zurückbehalten.

Die Nudeln sofort wieder in den Topf füllen und gut mit Olivenöl, Zitronensaft, Zitronenschale, geriebenem Parmesan, Basilikum und drei Viertel des Feta vermengen. Mit Salz und Pfeffer erneut abschmecken und auf vorgewärmte Teller verteilen, mit dem restlichen Käse und den Pinienkernen bestreuen und sofort servieren.","FRANZISKA","FRANZISKA",2023-08-17 00:00:00,2025-01-06 00:00:00
84,"Spätzle selbst gemacht","",2,,"","FRANZISKA","FRANZISKA",2023-12-30 00:00:00,2023-12-30 00:00:00
87,"Fetagemüse mit Ofenkartoffeln","",2,,"Kartoffeln klein schneiden, mit Ölivenöl und Bratkartoffelgewürz verführen und auf dem Blech in den Bachofen
Zucchine, Paprika und Feta klein schneiden und mit etwas Öl und Gewürzen in einer Auflaufform im Ofen backen.","FRANZISKA","FRANZISKA",2025-01-20 00:00:00,2025-01-20 00:00:00
88,"Süßkartoffel-Curry","",2,,"Scharlotten und Karotten schneiden, Knoblauch und Ingwer reiben
Süßkartoffeln würfeln
Scharlotten, Knoblauch, Ingwer und Curry-Paste anbraten
Karotten und Süßkartoffeln dazu geben - nach Belieben Curry-Pulver dazu geben
Mit Kokosmilch und passierten Tomaten aufgießen
Limette ausdrücken
köcheln lassen (20 Minuten bei schwacher Hitze)
Mit Kreuzkümmel würzen
Mit Salz und Pfeffer abschmecken

Basmatireis kochen","FRANZISKA","FRANZISKA",2025-01-20 00:00:00,2025-01-20 00:00:00
89,"Tortelliniauflauf mit Gemüse","",2,,"","FRANZISKA","FRANZISKA",2025-05-19 00:00:00,2025-05-19 00:00:00
92,"Gefüllte Paprika","https://ais.kochbar.de/kbrezept/519067_923094/1200x1200/gefuellte-paprika-in-fruchtiger-tomatensosse-rezept-bild-nr-295.jpg",2,,"Für die Paprika:

4 große Paprika (rot oder gelb, stehen am besten)

500 g gemischtes Hackfleisch

1 kleine Zwiebel, fein gewürfelt

2–3 Knoblauchzehen, fein gehackt

100 g gekochter Reis (ca. ½ Tasse roh)

1 Ei

2 TL Paprikapulver (edelsüß)

1 TL Salz

½ TL Pfeffer

Optional: 1 TL Senf

Optional: etwas Petersilie

Für die Sauce:

1 Zwiebel, grob gewürfelt

1–2 Knoblauchzehen

1 EL Tomatenmark

400 ml passierte Tomaten

200 ml Gemüse- oder Rinderbrühe

1 TL Paprikapulver

Salz, Pfeffer

1 TL Zucker oder Honig

Optional: 1 Schuss Sahne für extra cremig","FRANZISKA","FRANZISKA",2025-11-17 00:00:00,2025-11-17 00:00:00
93,"Pizzadom 3 Personen","https://i.otto.de/i/otto/e2606a8d-90a0-452a-8461-d53e0ae4c6bf?h=1040&w=1102&sm=clamp&upscale=true&fmt=auto&qlt=40&unsharp=0,1,0.6,7",2,,"24 Stunden Pizzateig.😍🍕 Zum Rezept geht es hier.👇🏼

•500 Weizenmehl Typ00
•325g kaltes Wasser
•15g feines Meersalz
•0,5g frische Hefe

1️⃣Beginne mit einer Autolyse. Dazu das Mehl und 90% der gesamten Wassermenge in eine Schüssel geben und mit einem Kochlöffel vermengen. Abdecken und 30 Minuten ruhen lassen.

2️⃣Nach dieser Zeit die Hefe in restlichen Wasser auflösen, über den Autolyseteig geben und in den Teig einarbeiten.

3️⃣Anschließend den Teig auf die Arbeitsplatte geben das Salz einarbeiten und 10-15 kräftig kneten, bis er geschmeidig wird. Den Teig dehnen und falten, auf Spannung schleifen und 12-16 Stunden luftdicht verschlossen bei Raumtemperatur ruhren lassen.

4️⃣Am nächsten Tag den Teig auf die Arbeitsplatte stürzen und in drei 280g schwere Stücke teilen. Ziehe das Stück dann von außen in die Mitte, wende es und schleife es richtig schön auf Spannung. Die Teiglinge dürfen dann nochmal 6 Stunden luftdicht verschlossen ruhen.

Danach den Teigling abstechen, ausbreiten, belegen und backen.","FRANZISKA","FRANZISKA",2025-11-21 00:00:00,2025-11-21 00:00:00
94,"Hokkaido-Kürbissuppe","https://cdn.stoneline.de/thumbnail/fc/40/2a/1727424232/Kuerbis-1-Hokkaido-Kuerbissuppe_1920x1920.jpeg?ts=1727343003",2,,"1.
Erhitze das Olivenöl in einem großen Topf und brate die gehackte Zwiebel und den Knoblauch darin an, bis sie glasig sind. Gib die Kürbisstücke hinzu und brate sie kurz mit, damit sie leicht Röstaromen annehmen.

2.
Füge die Gemüsebrühe hinzu und bringe alles zum Kochen. Lasse den Kürbis bei mittlerer Hitze etwa 15-20 Minuten köcheln, bis er weich ist. Verwende einen Stabmixer oder Standmixer, um die Suppe fein zu pürieren.

3.
Rühre die Kokosmilch oder Sahne unter die Suppe und schmecke sie mit Salz, Pfeffer und Muskatnuss ab. Lasse die Suppe noch einmal kurz aufkochen.

4.
Zum Servieren verteilst du die Suppe in Schüsseln, gibst jeweils einen Schuss Crème Fraîche in die Mitte und bestreust sie mit gerösteten Kürbiskernen. Nach Belieben kannst du die Suppe noch mit frischer Petersilie garnieren.","FRANZISKA","FRANZISKA",2025-12-09 00:00:00,2025-12-09 00:00:00
95,"Bulgogi","https://static01.nyt.com/images/2023/11/14/multimedia/JM-Bulgogi-qmfj/JM-Bulgogi-qmfj-mediumSquareAt3X.jpg",2,,"Zubereitung
1️⃣ Fleisch marinieren

Das Fleisch sehr dünn schneiden.

Alle Zutaten für die Marinade mischen.

Fleisch in die Marinade geben, gut vermengen.

Mindestens 30 Min., besser 2–4 Stunden, ideal über Nacht marinieren.

2️⃣ Braten

Sehr heiße Pfanne oder Wok.

Zwiebeln & Karotten kurz anbraten.

Fleisch portionsweise (!) dazugeben, schnell scharf braten.

Ziel: leicht karamellisieren, nicht kochen.

Restliche Marinade kurz mit einkochen lassen.

Frühlingszwiebeln am Ende unterheben.

Mit Sesam bestreuen.

Beilagen

gedämpfter Reis

Gurkensalat oder Kimchi

optional: Salatblätter zum Einwickeln

Wichtig für perfekten Geschmack

Fleisch wirklich dünn schneiden.

Nicht zu voll in die Pfanne – lieber mehrere Durchgänge.

Birne/Apfel nicht weglassen → macht butterzart.

Kurz, heiß, schnell braten.","FRANZISKA","FRANZISKA",2025-12-23 00:00:00,2025-12-23 00:00:00
